seg_id,Subject_ID,PCC,MAE,RMSE
0,25,0.648918630778285,0.07361222770123277,0.12310102397555849
1,25,0.64401469567809,0.07269058561476413,0.1242601334360814
2,25,0.6376336754675355,0.07105644826078787,0.12373763588591687
3,25,0.6382246393267631,0.07119225069996901,0.12459956702783344
4,25,0.6424722446239577,0.07179262393037789,0.12542732697290432
5,25,0.6588444690615254,0.06989644614164718,0.12331430635414745
6,25,0.660380825105562,0.07077628700761124,0.12195943002126086
7,25,0.6583019562742045,0.0699661918519996,0.12204396653211208
8,25,0.6088173236987802,0.07288241806672886,0.13021629962701592
9,25,0.6325097448045661,0.07128415809478611,0.12668271924265795
10,25,0.6528895162692379,0.0741497186612105,0.1278162912034124
11,25,0.6463755756259816,0.075717756030499,0.12936121539662201
12,25,0.6501749919081199,0.07481959269556683,0.12902990744002982
13,25,0.6590156743635207,0.07355577948095743,0.1275785538363421
14,25,0.6535430007715161,0.0711683101055678,0.1266557157015158
15,25,0.6670295811912968,0.06863539713725914,0.12296530182100246
16,25,0.6858117199739083,0.06690278433787171,0.11800693395584477
17,25,0.6705246878765904,0.07264385840622709,0.12377247968653751
18,25,0.6328605773182521,0.07300947846379131,0.12619787033200333
19,25,0.6502720072492256,0.07296663876622915,0.12560338928322362
20,25,0.6453394628583858,0.07625508680823259,0.12917603163018082
21,25,0.6316665250778076,0.07424342571641318,0.12755902853094678
22,25,0.6053811283659865,0.07741392824216746,0.1333178192778802
23,25,0.6120618728337567,0.07807915618875995,0.1335696811278172
24,25,0.6035054611016052,0.07897787294117734,0.13567076170032613
25,25,0.5869966635304129,0.07757224846864119,0.135637853705547
26,25,0.5492043536716238,0.08229148299898953,0.1430227047734089
27,25,0.5850258056234572,0.07937099997361656,0.13824071119994555
28,25,0.593175631401298,0.07791759512096177,0.13618344314285952
29,25,0.5994356979088554,0.0771316091058543,0.13473799661920155
30,25,0.6272568843014797,0.07311613497295184,0.1301508878157361
31,25,0.6422332241419393,0.07087384812853997,0.12780278580360882
32,25,0.6329033649655057,0.07253285534330643,0.12813187301174742
33,25,0.6669934513505457,0.06824987323023379,0.12224972354585166
34,25,0.6461919307341483,0.07007649181759916,0.12420034000034492
35,25,0.6253425220862691,0.07046592150873039,0.12612678314467915
36,25,0.5882170323373543,0.07633108308422379,0.13472458203730694
37,25,0.5969954044708671,0.07600302840699441,0.1338353029236961
38,25,0.6339800334204236,0.07467467560549267,0.1303824549805609
39,25,0.6304169563469003,0.0747057939635124,0.13086546582198041
40,25,0.6295039609911985,0.07446529880631715,0.13120898154134888
41,25,0.629806853081994,0.07372862133513991,0.13086537859620295
42,25,0.6508165491128454,0.07043449779823277,0.12623632441229843
43,25,0.6520896845294695,0.07027290885653201,0.12517615462164614
44,25,0.6390043353043364,0.07128548496635631,0.12574032686802075
45,25,0.5959862590263535,0.07544047381030396,0.13277175011067824
46,25,0.6147788812031164,0.07866857482935302,0.13098925345902016
47,25,0.6023859115806184,0.08128649528720416,0.13364471233239236
48,25,0.6121088592209328,0.08151678497786634,0.1332206200115232
49,25,0.6276480746912171,0.07968551153317094,0.1312338212302381
50,25,0.5989333377135474,0.08403864443069324,0.13752671059381746
51,25,0.5950191784315203,0.08562956029782072,0.1397579366395461
52,25,0.598776948392812,0.08267076951218769,0.13701592289424971
53,25,0.6101874110627368,0.08122108512965497,0.13477892366636687
54,25,0.6364859828906491,0.07390106473118067,0.12763719870877868
55,25,0.6199135319820875,0.07476210512686521,0.12987798317233767
56,25,0.6129575923907249,0.07405463710194454,0.12968303938764647
57,25,0.6309016834036443,0.072843432034133,0.12659264300608425
58,25,0.6217909196467739,0.07600263047614135,0.13101671000755827
59,25,0.6199041723260547,0.0776018478081096,0.13205208667278362
60,25,0.6256717035497086,0.08181252908892929,0.13460463304003234
61,25,0.62658088319002,0.08157688985641925,0.13409311136693888
62,25,0.6284690413219456,0.08125773298384502,0.13341887288506654
63,25,0.5994645143871246,0.08261876394104092,0.13793354616762174
64,25,0.6423191565838838,0.08036566439147919,0.13214826126137244
65,25,0.5704764945680033,0.08905002726479778,0.1468363634623475
66,25,0.6293365180393795,0.08129091919986876,0.1341890571879419
67,25,0.6423716059316855,0.07774682967383796,0.12960117319393694
68,25,0.6616162421617234,0.07475826670095558,0.12533956911517152
69,25,0.6503642673898494,0.0736077966823359,0.12649224959593652
70,25,0.6538202883691903,0.07263579133345047,0.1273570040289956
71,25,0.6509161538205613,0.0733677235749201,0.12593366679950613
72,25,0.6630422310692407,0.07500466216704808,0.12772152719589316
73,25,0.6713176090361629,0.07053857262771998,0.12299044224154065
74,25,0.6533368010089893,0.07345871578057996,0.12689991941466366
75,25,0.6277738337976468,0.07712084881815827,0.13204980590642446
76,25,0.6073015514827668,0.07899239693389973,0.13655939496348077
77,25,0.6052361928975917,0.07750150037230924,0.13493482555906333
78,25,0.5950724504120066,0.08043570072215517,0.13726891888320647
79,25,0.5705142889161029,0.08478751687158365,0.14301275915995712
80,25,0.5654420982383338,0.08287694080325309,0.14145589680693593
81,25,0.5962970169908918,0.07923582966730464,0.13604888298846943
82,25,0.5954348507134221,0.0787779598182533,0.13624851871632535
83,25,0.5856776088705888,0.0800099430163391,0.13991066875164898
84,25,0.569955115031728,0.08208018625155092,0.14179282165821677
85,25,0.6402970263070694,0.07769225749652833,0.1336377171260084
86,25,0.6061457246908998,0.0792718621325912,0.1371967078465603
87,25,0.6334985626254347,0.07409098590316716,0.13081991006122157
88,25,0.6358913319641797,0.0736947541317204,0.13024248526442492
89,25,0.632667894417793,0.07556991623860085,0.13300850673378967
90,25,0.6253643606654515,0.0742195318316226,0.13206349801204575
91,25,0.62559406006507,0.07644897418213077,0.13243882002297105
92,25,0.6034893212933098,0.07984486213070341,0.13670298698400982
93,25,0.6429403902060753,0.0749320911039831,0.1292595641615098
94,25,0.6161350926614556,0.07834695868950803,0.13295719330414985
95,25,0.614659192328234,0.07848144617222715,0.13282027887439843
96,25,0.6144895905847383,0.07937117774330545,0.13344063234524828
97,25,0.6171584043888878,0.07852613577619195,0.13282084817218462
98,25,0.6416996512130967,0.07582693354634103,0.1285409826805692
99,25,0.6100888454452823,0.08399642945849337,0.13568860983617778
100,25,0.639027618680927,0.07991514684486901,0.13032226468042007
101,25,0.6725387283799622,0.07667365096131107,0.12425384587195112
102,25,0.673978165550608,0.07602852831914789,0.12477798180196446
103,25,0.6751844546781808,0.0759054644437856,0.12544022787840858
104,25,0.6695990132962079,0.07437861492711818,0.1244410364831706
105,25,0.6681250929857763,0.07410740447085118,0.12460869339857426
106,25,0.6700631279413622,0.07353554389876081,0.12412747706010052
107,25,0.6945607999207652,0.07177112460776698,0.11865415265136812
108,25,0.6682180160589277,0.07459058197913691,0.12522780699518132
109,25,0.6584990372712005,0.07508149550529197,0.12706126690411385
110,25,0.6486999155574154,0.07684683835599572,0.12902737256835917
111,25,0.6480997769089277,0.0775812660518568,0.12977825981639252
112,25,0.6454118304550933,0.07760858766385353,0.1297153197863275
113,25,0.6695053678268429,0.07591075768577867,0.12601837034609442
114,25,0.6731347696086979,0.075183030028129,0.12476464442993745
115,25,0.6789695088801001,0.07056128390133382,0.12071161032633246
116,25,0.6972573442028445,0.06619680463860277,0.11504908194761963
117,25,0.6672471707629272,0.06737261356494856,0.11908590241872469
118,25,0.6618857596635904,0.06819022278796183,0.12111831200465242
119,25,0.6589475225914323,0.07315173472743482,0.12522902318585258
120,25,0.6604632286335282,0.0745677776550292,0.12606770581555304
121,25,0.6380371674503489,0.08030477384105325,0.13191402730588525
122,25,0.6181315028316375,0.08415639205602929,0.13723433959429224
123,25,0.6057592427605781,0.08511481148423627,0.13941489046915392
124,25,0.5958908004343767,0.08620638034073635,0.14170589307028575
125,25,0.5583838180294077,0.09057786305667832,0.14706540679367305
126,25,0.6422687100965485,0.0816966592357494,0.13249739020985593
127,25,0.6295653016627193,0.07914640839211642,0.13122270556831944
128,25,0.638427536728553,0.08013021469581873,0.13117657800453716
129,25,0.6799115481395314,0.07006242207193282,0.12183007938890189
130,25,0.6528612196722222,0.07141595809953287,0.12492835747806644
131,25,0.6482756964203649,0.07286154011788312,0.12689806825120828
132,25,0.6724276835904056,0.0701311365357833,0.12167394368543369
133,25,0.6845510311589927,0.06851725916436407,0.11844350972380585
134,25,0.6769596130593439,0.06798547463142313,0.11941870548580907
135,25,0.6567032185911829,0.06981610962073319,0.12452000843505545
136,25,0.638833895224321,0.07209676498430781,0.12775070308034414
137,25,0.6355588038280401,0.07169067766400986,0.12684550362213506
138,25,0.6567693512750364,0.07478684353060089,0.12819821517664687
139,25,0.6709984773407057,0.07002018324099481,0.12428663313783206
140,25,0.6561813794692111,0.07194536968483589,0.12729358362404097
141,25,0.6549607650900263,0.07255894963047467,0.1274887805590659
142,25,0.6558093624350734,0.07264558806316927,0.12717112493795354
143,25,0.6961110989109468,0.0745165772328619,0.123710765765987
144,25,0.6979253827180879,0.07426526809460483,0.12311998832062074
145,25,0.6984390173905282,0.07282944747130386,0.1220328159616558
146,25,0.6750990407978509,0.07127506001270376,0.12196171618358129
147,25,0.6813445948864978,0.06560318171977997,0.11731976547130457
148,25,0.6748013859407891,0.06768537601921708,0.11933544648410467
149,25,0.6811297060564399,0.06809005142829846,0.11877911013452151
150,25,0.6692228672369781,0.06962195089261514,0.12159159568590605
151,25,0.6675382436912044,0.0689561238931492,0.12148688287158574
152,25,0.6458009254265574,0.07036575955105945,0.12510614004254034
153,25,0.6476513667502198,0.07282977716182358,0.12745079959673722
154,25,0.6645242019231369,0.07822366037988104,0.1286422850641777
155,25,0.6737443310778382,0.07663178430171684,0.12690338106668742
156,25,0.6896204545384069,0.07354567806352862,0.12354880985508508
157,25,0.5754274115396116,0.08644038778264075,0.143179204041367
158,25,0.6616502592520581,0.07355127066955902,0.12542860306143247
159,25,0.712441235581777,0.06984583391924389,0.11686906248169378
160,25,0.6964989938055707,0.07092583793099039,0.12001771793146582
161,25,0.6878446842959155,0.06989565128460526,0.1207934870795312
162,25,0.6644338422961308,0.06614556269429159,0.12184041376355982
163,25,0.6409910785658214,0.07014234714035411,0.1258292674013733
164,25,0.6409800815096607,0.07178340763144661,0.12829879804688515
165,25,0.646476141246029,0.07317171077927924,0.1290948329544868
166,25,0.6507173608377385,0.0743890484093572,0.12904171826547944
167,25,0.6464340851641321,0.0725026619908749,0.12833184432213812
168,25,0.6451483331903817,0.07240076272602891,0.12828191921185567
169,25,0.6600756943243976,0.07558271483343561,0.12843808783744015
170,25,0.6163016322812934,0.07684578693733783,0.13411302921793175
171,25,0.6090996644834766,0.07708073047891957,0.13638825070096566
172,25,0.6381652658895476,0.07367963784141467,0.13004982098759685
173,25,0.6417973090788648,0.07964273980003782,0.13317244916894327
174,25,0.6378347053493908,0.08017279191757552,0.1338528843336827
175,25,0.6390178780250625,0.08152037560823373,0.13447056949460146
176,25,0.63792069461685,0.0822010336664971,0.1354742493229585
177,25,0.6258455483958332,0.08442397338687442,0.1386926909416393
178,25,0.6442489607031331,0.08259655283647589,0.13345032903107132
179,25,0.6595824177347697,0.08316649500397034,0.13384418962215816
180,25,0.6608455965195013,0.08423481804260519,0.1354809100578511
181,25,0.6688414912769035,0.073024470275559,0.12505127879151845
182,25,0.6392422909046104,0.07594845632469514,0.12998090869797083
183,25,0.5101544613975221,0.0919850089229294,0.15276170624290558
184,25,0.4888246020140815,0.09553244138514856,0.15521752175952075
185,25,0.5018445090472043,0.09319837806280702,0.15166819023596345
186,25,0.47420690092864415,0.0946914226518129,0.1572127824018014
187,25,0.45225409318443854,0.09381216103123734,0.15490934284615931
188,25,0.4779312346628503,0.09410433909739367,0.15408092813384172
189,25,0.47583985377106236,0.09449069133261219,0.15584164414254653
190,25,0.5965560869387084,0.08068556250863367,0.13622966603597603
191,25,0.6042898623278777,0.07734379056700164,0.13721359765446162
192,25,0.6096895098916395,0.0774325264068193,0.1369297849115077
193,25,0.6185104780078984,0.07781903960570162,0.13486300676461993
194,25,0.6513016308353573,0.07431224575443593,0.1315552494041807
195,25,0.6548387119743677,0.07227823034153516,0.12882618261037876
196,25,0.6638270819181633,0.07224855613399996,0.1271552039065375
197,25,0.6571454709214792,0.07218607866438105,0.12798726303004426
198,25,0.662162709355769,0.07165740998927504,0.12726973476839573
199,25,0.6703144288184467,0.0711271959671285,0.12476031987143144
200,25,0.6607240902160852,0.07083659702082513,0.12590980098192586
201,25,0.6280965625350623,0.07304134473539307,0.1332351669013355
202,25,0.6199605566040405,0.07127962438215035,0.1297360471971321
203,25,0.6127335655710278,0.07314265062188496,0.13231550598588357
204,25,0.6269892011506684,0.0735480399953667,0.13165325627284927
205,25,0.5980573265164563,0.07646953342016787,0.13687537359753293
206,25,0.6220274209394713,0.07420576892676763,0.1333139572869463
207,25,0.6222067793553211,0.07384517276790575,0.1333820370377174
208,25,0.5618284512693765,0.08112151557274046,0.1439438752756594
209,25,0.583045272488279,0.08416580169261578,0.14170370760753787
210,25,0.6064299790292599,0.08434569909913989,0.13939293705343936
211,25,0.6135145985625055,0.08461420971740154,0.13930143911792747
212,25,0.6044221486733522,0.08418029902459238,0.14005641983948844
213,25,0.6127921710194772,0.08337283719985862,0.13781947059686397
214,25,0.5593454066472855,0.08903317155971308,0.14578608850588928
215,25,0.5542772448226639,0.09037152634540689,0.14643504102410956
216,25,0.5560153040125306,0.09030533485361956,0.14638668750001202
217,25,0.5696877751500687,0.0859820906729874,0.14077158136963996
218,25,0.5986784967853612,0.08194165413384326,0.1356635999115763
219,25,0.5728604931333422,0.07665679166762857,0.13434976738523566
220,25,0.5454559077966111,0.08130590587476036,0.13943504738587245
221,25,0.5488808786655468,0.0830729302688269,0.14161865637264634
222,25,0.6180677245603028,0.07933740032050991,0.13420961935811093
223,25,0.617361187260877,0.07780408065911615,0.1333611654600798
224,25,0.6034471599851501,0.07837953796988587,0.13562251382020618
225,25,0.6341539684339056,0.07590705199079821,0.13077260956996947
226,25,0.6339866131115897,0.07608694495313102,0.13028044508902553
227,25,0.6328868095443227,0.07501639756868826,0.13121842308977233
228,25,0.6158992120508602,0.07618651612865505,0.13392969474380348
229,25,0.6310277471752541,0.0740317170446906,0.13024213799067103
230,25,0.6526472943294478,0.06985167311007899,0.12564208581360967
231,25,0.6515394120452811,0.0698077177052619,0.12526253524451025
232,25,0.6497202533034232,0.06979015364922816,0.12546483926646645
233,25,0.6099022524852407,0.07433180170453851,0.13181748167991567
234,25,0.5944349799703902,0.07596952461608453,0.13477962356822393
235,25,0.6065276345569313,0.07549631530506304,0.13260441937599005
236,25,0.5903973312351739,0.07942899026646046,0.1386067242938459
237,25,0.5971792938457524,0.07865538951475173,0.1375861500699398
238,25,0.6320711628565696,0.07272801272338256,0.12900691481713913
239,25,0.6114880319545686,0.07482545009115711,0.13277227783012174
240,25,0.63364573065912,0.07215590146486647,0.12833655042940512
241,25,0.6326451936781439,0.07221968606871088,0.12812823261948586
242,25,0.6456858679288908,0.07034625620755833,0.12453178104116781
243,25,0.5658842474518125,0.07806322408781853,0.13870764243461228
244,25,0.6153145509781496,0.07243842593049521,0.1277776859133091
245,25,0.5625852696107941,0.07704437446402153,0.13648282324468622
246,25,0.5507232377853019,0.07856486219359794,0.13957162792481798
247,25,0.5452389688969403,0.07830506795282417,0.1395499227822515
248,25,0.5394388195033293,0.07988555189593172,0.14165281728921572
249,25,0.5054842791856341,0.0873163649092021,0.15013821139765907
250,25,0.4655390944480814,0.09204243010040955,0.15712960983217122
251,25,0.4833494875643646,0.09079939462259062,0.1551011167418998
252,25,0.5177363575614397,0.08727803805842996,0.14896096801752992
253,25,0.5363864863609032,0.08360329982358962,0.1455341660716809
254,25,0.5600554413517183,0.08226591475191526,0.1417838051465525
255,25,0.6316455933232028,0.08038661629601847,0.13266648309838183
256,25,0.598420797377762,0.08142620606522541,0.13800075207220397
257,25,0.6352989143924264,0.07460808974399696,0.1300456608436418
258,25,0.6171195861408566,0.07624812087684404,0.13314317846316306
259,25,0.6135695054791113,0.07674532365053892,0.1334746902308548
260,25,0.6505298377936038,0.07862919349747244,0.13174999423457417
261,25,0.6740190320909409,0.0764883173495764,0.12703537175198495
262,25,0.675414997665344,0.0772298570733983,0.12783782073570019
263,25,0.6702760603049779,0.07228515685535968,0.12527478064860495
264,25,0.6787508048865193,0.06954940484138206,0.11987858156982535
265,25,0.679124829111449,0.0694592184422072,0.12008320917177445
266,25,0.6842284334665386,0.0685538797720801,0.11815046993187729
267,25,0.6678108745689472,0.06849312677019043,0.12205736391739823
268,25,0.6347697670197917,0.07046724149724469,0.12496102671727975
269,25,0.6419173062547494,0.07166176061436999,0.12669505557968674
270,25,0.6115326437103491,0.07633488219988066,0.13265907493663273
271,25,0.6211395857060702,0.07603694998368155,0.13118983750078292
272,25,0.6211513728723119,0.07904434669588227,0.13393810704064188
273,25,0.6130969870792116,0.07895320221607108,0.13440166312207133
274,25,0.6040083358676136,0.07946813429531176,0.13593284007804007
275,25,0.5866703556967097,0.08233618518395815,0.13930217666137848
276,25,0.6164757909256228,0.07994866030145203,0.13645575100166793
277,25,0.5904814078790237,0.07856051190392463,0.1361837726332021
278,25,0.591679557046529,0.07767873332944873,0.1351978442953081
279,25,0.5802240257745761,0.07720578608117648,0.13523837995742433
280,25,0.6007383224753978,0.07480675250582863,0.1327766102029047
281,25,0.6031949940137403,0.07552614155982156,0.13360248346218842
282,25,0.6138946082152605,0.0761495644855313,0.1325444113470922
283,25,0.5977981951998956,0.08078651870368049,0.1353915083150528
284,25,0.5963338845844645,0.08152067103190347,0.13675967568340294
285,25,0.5579954063435738,0.0889263302879408,0.14604293639493435
286,25,0.5622780196655116,0.08575612762288073,0.14272073041689992
287,25,0.6060320227377012,0.08035934471336077,0.13544953863042067
288,25,0.6389024031300641,0.07389463008614257,0.12603800610689575
289,25,0.6318342235073501,0.07431814495241269,0.12687963571430366
290,25,0.6137425409476024,0.07581017580232582,0.1318717505578613
291,25,0.5964306303105957,0.07776168537558988,0.13452963687464584
292,25,0.6229249079049376,0.07691353381611407,0.13305962061135745
293,25,0.63377986327476,0.07314018316334113,0.128061329969546
294,25,0.6381081892523961,0.07354388231993653,0.12897562297691312
295,25,0.6237808721997377,0.07418602376623312,0.13207285188306403
296,25,0.6224491801057593,0.07448579574760515,0.13313176656467193
297,25,0.6043076712432874,0.07554693564248736,0.13623458182847695
298,25,0.6238438998811089,0.07267730887338984,0.13160158030737207
299,25,0.5873622791908354,0.07624761398670671,0.13759406630638413
300,25,0.5882305558733034,0.07746435073378961,0.13759318085387356
301,25,0.5966094274010612,0.07946930192149011,0.13748017848327648
302,25,0.6318630598110591,0.07822424395213602,0.13382073370270584
303,25,0.6347904406634993,0.07774541378457797,0.13338949383846843
304,25,0.6285359430589339,0.07807946412678575,0.13426729138245205
305,25,0.6184348057662401,0.07936913150682813,0.13661053687241245
306,25,0.6386914218571025,0.0759236974371015,0.13232560335793317
307,25,0.6364381333375247,0.07929667260381393,0.13349357458513658
308,25,0.6483561626953233,0.07962045220891013,0.13074964165140235
309,25,0.6137588806703029,0.08381950236391277,0.13655890925787773
310,25,0.5718586184028731,0.08648551071994007,0.1415053198921628
311,25,0.5588101936682206,0.08597530895029194,0.14173380915435765
312,25,0.5656123000058715,0.08792196180089377,0.1416890014805264
313,25,0.5949116983080812,0.08585115705034696,0.13815822304026779
314,25,0.5956669197392971,0.08494916174211539,0.13677230351700323
315,25,0.466845264007796,0.09452904742211103,0.15569569658259982
316,25,0.5883708533741631,0.08105020952410996,0.13542998225794156
317,25,0.6238941214254976,0.07642799238616135,0.1280243899149542
318,25,0.6132424130687695,0.07475378587550949,0.12754438544199895
319,25,0.6005666260106297,0.07727404877019581,0.1333540486996649
320,25,0.5935102366810108,0.07682138194155413,0.133433406693817
321,25,0.6086882982544406,0.07623917470511515,0.13259978769539502
322,25,0.5728892770644659,0.08057755128073041,0.13928192529690256
323,25,0.6088887287118818,0.07586317307082936,0.132871499479541
324,25,0.6113359453783624,0.0742530637753589,0.13228259006466075
325,25,0.6160085649283237,0.07488736740109743,0.13265482896842967
326,25,0.606582945179503,0.07634623556194128,0.1365151572293593
327,25,0.5971518819853714,0.07652311526617268,0.13682951384282163
328,25,0.6262042616806689,0.07261109339247923,0.1316130885791673
329,25,0.6195539623684059,0.07286281526496169,0.13264301950781437
330,25,0.636596407693233,0.07207228514074814,0.13132641110079285
331,25,0.654910864452568,0.07051482930022758,0.12757341957007115
332,25,0.6554420630142174,0.07052540597476764,0.12804452154018292
333,25,0.6685312423653502,0.06943406077683903,0.1254155185186846
334,25,0.6737868351865819,0.06827260980149731,0.12308242275584765
335,25,0.6661594146063927,0.07070592804113403,0.12527293639603868
336,25,0.674082904507983,0.07030547858928912,0.12434748951602186
337,25,0.6528672182534964,0.07353799450458609,0.1264531731637091
338,25,0.6298439741075571,0.0760725698296119,0.13081842655057488
339,25,0.6163830285207287,0.07865597168352906,0.13451772745992643
340,25,0.6187819714650095,0.07674526355627677,0.133266744486927
341,25,0.6250009814889682,0.07728005176177248,0.13475083947184865
342,25,0.6245342281639374,0.07716840633773245,0.13516590600538975
343,25,0.6286781643901527,0.07555271567776799,0.1330698687752318
344,25,0.5947452277788678,0.0771736196265556,0.13682401798959049
345,25,0.6051819951628851,0.07596949192051397,0.1356384678291302
346,25,0.5406613960239117,0.08379083918538527,0.14821899934396915
347,25,0.5875279045423707,0.07988841934260563,0.1420064711770587
348,25,0.586757618230828,0.07951414796101744,0.14166519306461223
349,25,0.6235003276047736,0.07338092889563995,0.13325953722820766
350,25,0.6183946428540618,0.07326021170534659,0.1333788627736357
351,25,0.6356446520028914,0.07209037718421314,0.13005837887194582
352,25,0.6321391620807377,0.07191940559016075,0.13152766827260196
353,25,0.6356055386752276,0.07127982481091749,0.13044414393223042
354,25,0.6727251098194922,0.06763601141665276,0.1243114598850091
355,25,0.6519138543688857,0.06982742732307087,0.1268925217434431
356,25,0.6551036765323914,0.06929132185057824,0.12617972137168643
357,25,0.6557587033233857,0.06983333483687602,0.12599530335971285
358,25,0.6438773286223164,0.07154696711921132,0.12893886392123685
359,25,0.6624481510106892,0.06966984692844562,0.12565567328037078
360,25,0.6510197426053858,0.07200364036340033,0.1264240552722849
361,25,0.6788669115265993,0.06956668081897079,0.12324723710781847
362,25,0.6609229573772736,0.0704264711306314,0.12432281448383638
363,25,0.6624027211577406,0.07098101750219939,0.12347572102372481
364,25,0.6605730793661122,0.07061554324551253,0.12280859857954639
365,25,0.6521325181629689,0.0708554426964838,0.12302761627313766
366,25,0.6404825389956237,0.07161723819677718,0.1260568841505671
367,25,0.627963971831347,0.07288414290407673,0.12907466211434163
368,25,0.6688590156617648,0.06960792319223401,0.12294497437558213
369,25,0.6410548737658625,0.07007880584831583,0.12680575112669235
370,25,0.652859830695331,0.06950136142666452,0.12662931757810425
371,25,0.6363804101897138,0.07359341898065395,0.130363301501795
372,25,0.6351194255005415,0.07511112603118818,0.13251938884875464
373,25,0.6376096241854764,0.07468979822464462,0.13239588531442242
374,25,0.6219776961280631,0.07509927619423251,0.13347310926182518
375,25,0.6146922189452824,0.07531313104147558,0.13458422524101724
376,25,0.6186127158229301,0.07318905288877431,0.13183366810195965
377,25,0.6116079525269978,0.0745504938007798,0.13332828011639544
378,25,0.6387363463119297,0.0719041401706636,0.12947314613770852
379,25,0.655019194551461,0.07061967293033376,0.12710056585092755
380,25,0.6517942508621981,0.0716791795042809,0.128151224393162
381,25,0.658656369492065,0.07060266376647632,0.1271592574994686
382,25,0.6640831200625207,0.07046931807184592,0.1260757786047639
383,25,0.6922563683839049,0.06787248235661536,0.12071248068359186
384,25,0.6515161495847027,0.06982401069020852,0.1268353160604776
385,25,0.6333143096592084,0.07001652383536566,0.12775894521872294
386,25,0.6557486235921283,0.07082596223885047,0.12650533345130516
387,25,0.6609808774145463,0.07037347450223023,0.1261784047044739
388,25,0.6485839068184084,0.07055531220754346,0.1267692896626035
389,25,0.6409132322528055,0.0706772405722586,0.1262501981507276
390,25,0.6346192150926532,0.07139476036754785,0.12731589567597532
391,25,0.5706498025756686,0.07844885136335505,0.13871469856732624
392,25,0.6430624505251528,0.07147284303733613,0.12714272596223702
393,25,0.6320258101613756,0.07216275131737347,0.12857519866326314
394,25,0.6406282130348264,0.06860484556411393,0.12459989731398606
395,25,0.6608639455565376,0.0702692655957071,0.1234054294049943
396,25,0.6445240482414639,0.07316797567007598,0.12748666742512646
397,25,0.6523342027197448,0.07134286818210966,0.12684516146159527
398,25,0.6673325423081776,0.07025963978958316,0.12445727864437271
399,25,0.6120654387607237,0.07644796816748567,0.13422858879161512
400,25,0.6529615198852918,0.07242893066257239,0.12819788791448006
401,25,0.66287006277331,0.07359654181404039,0.12774997363973786
402,25,0.651979691723914,0.07606914110248908,0.1290537652477715
403,25,0.6484482334056886,0.07537519049132242,0.12818795354501297
404,25,0.6464212687188887,0.0749380569998175,0.12807355515399954
405,25,0.6431154903437286,0.07466901219100691,0.12604144764811484
406,25,0.6449360223422562,0.07482287548366003,0.12625152128586853
407,25,0.6523132655106009,0.07243421327206306,0.12476875091552687
408,25,0.6664836370573413,0.07162141034263186,0.12107404892004738
409,25,0.6716409170641711,0.06875956119183683,0.11976308319651484
410,25,0.6741157703895772,0.06456250814022496,0.11700257127942915
411,25,0.6602895206417788,0.06582766869338229,0.12030314829522969
412,25,0.6531962877919076,0.0660780525149312,0.12090527556872163
413,25,0.6392632216170538,0.07160527202184312,0.1283952319750324
414,25,0.6379897351270303,0.07378392004291527,0.1299503000587752
415,25,0.6423343868585569,0.07326828309625853,0.12892583097166022
416,25,0.6422972098955863,0.07299704204371665,0.12858480395118133
417,25,0.6421871548143739,0.07275962173764128,0.12862487343736484
418,25,0.6422733549566445,0.07261736221553292,0.1287268812829475
419,25,0.6323613734275971,0.0744479952455731,0.1297759749156097
420,25,0.6569245384864651,0.07260130236682016,0.12644896771531416
421,25,0.6261316168601881,0.07580480746612012,0.13247067108953597
422,25,0.6389736203700125,0.07497102101253404,0.12950661539095204
423,25,0.6585515656726652,0.07068745543714612,0.1204271337842022
424,25,0.665733864554252,0.07089288838789798,0.12113873025971841
425,25,0.6652021024966615,0.07199901215150022,0.12179269527543947
426,25,0.6527142722085886,0.07337964899721555,0.12440726209994848
427,25,0.6516699126018011,0.07332709742360749,0.12428233122965687
428,25,0.6500389122092038,0.07468132315203548,0.12562576687812
429,25,0.6496707891214811,0.07367536082630977,0.1240806267440373
430,25,0.6509693087479188,0.07281337436754257,0.12344985258718645
431,25,0.6473866882550942,0.07256828205427154,0.12419749914491524
432,25,0.6403935336492973,0.07637333147053141,0.12860579653707313
433,25,0.653422079678921,0.07445891027135076,0.12653617106027526
434,25,0.6266954565260189,0.07863297748626792,0.13271322603012742
435,25,0.6086838976713975,0.08328428249107674,0.13687031883005607
436,25,0.5944586299048471,0.084061264321208,0.1403769399165105
437,25,0.6049285421887534,0.08381609927193495,0.1392685823265622
438,25,0.6392670400026549,0.0814555242433562,0.13523981627682868
439,25,0.6111503963833991,0.08326343391876435,0.13934147890891802
440,25,0.6105655397435894,0.08021670870948583,0.13714322937063947
441,25,0.6137676018594599,0.07993792333698366,0.13597237184741578
442,25,0.6017610771667432,0.08030225338123273,0.13781362660887744
443,25,0.6193497633503183,0.0842995272600092,0.1396936773909082
444,25,0.6100678757236367,0.08660527960746549,0.14111388296829586
445,25,0.5950100373280806,0.08727875241427682,0.14279823402291286
446,25,0.6066941157531757,0.08428262548171915,0.13826439873265128
447,25,0.5747814334461505,0.08842233076924458,0.14459358934348038
448,25,0.579876380264109,0.08864392458461225,0.14422107676181348
449,25,0.6139459918210558,0.08604496338171884,0.14023938184914234
450,25,0.6553004211509982,0.080832972509088,0.13126612304821025
451,25,0.6070040888832647,0.07768357147695497,0.13440363046568898
452,25,0.5946957158321843,0.08073922024690545,0.13895752751165777
453,25,0.5944957918680134,0.08209201819146983,0.13947234788818164
454,25,0.6054075531314723,0.08335833421209828,0.14043724302858115
455,25,0.6228307478202877,0.07722018208180088,0.13428223278672016
456,25,0.6326498010632114,0.07703816999332048,0.1336330536999693
457,25,0.6243761734099657,0.07645972212776542,0.1332304933173034
458,25,0.6014566160485136,0.07921789317391813,0.13774980972125556
459,25,0.6053736811253895,0.07913155187561642,0.13721292133221985
460,25,0.6309201347722252,0.07828782787255477,0.133334287054295
461,25,0.6245136207874721,0.08052982314431574,0.13659564069536342
462,25,0.6350153319760864,0.0785027469060151,0.13367304172458713
463,25,0.6575409031715046,0.07451589471660554,0.12924391818646944
464,25,0.6538347378004467,0.07529163804254495,0.12986131809801982
465,25,0.6465474116181902,0.07615154486964457,0.13163509148123154
466,25,0.6434150749317559,0.07735868581570685,0.13294129005192726
467,25,0.6402371886359705,0.07903572069422808,0.13511249896076305
468,25,0.6516406441563202,0.07833170372643508,0.13195996707309782
469,25,0.6375610279048788,0.07911651942995376,0.13343673357513836
470,25,0.643117126477676,0.07633765033329837,0.1307568548196921
471,25,0.6407454828701569,0.07445765164797194,0.12888675030576838
472,25,0.6273956853182981,0.07748124356992775,0.13301568824884685
473,25,0.6223288487359618,0.07993217601819197,0.13430757195457294
474,25,0.6467826201947419,0.07920122572249966,0.1313997145239766
475,25,0.6499457827505238,0.07684910949203186,0.1284442992130496
476,25,0.641182281514163,0.07622118481085635,0.12922939701628222
477,25,0.6445826822498177,0.07557971883914433,0.12843508437163656
478,25,0.6389475347945778,0.07617266054265201,0.12965738336226343
479,25,0.6450530813263777,0.07728416983838543,0.12996869234650488
480,25,0.6574722995038471,0.07579283764134744,0.12607113619868304
481,25,0.6334543602741178,0.07765989084204193,0.13120611115837089
482,25,0.6238314453502496,0.07704770899785217,0.13077613010749659
483,25,0.6142850461246596,0.07869222018809524,0.1319169609093068
484,25,0.613777934807461,0.07791623803263065,0.1314336292969877
485,25,0.6086200142175766,0.07837099041964393,0.13184551464549024
486,25,0.594249491872642,0.08039461649022997,0.13609460271979718
487,25,0.6103415280343448,0.07968905593268573,0.1345608006918309
488,25,0.5641604583911758,0.08450158604653552,0.14135435085942685
489,25,0.5910765070021565,0.0790123338986814,0.13541851332255958
490,25,0.5999456061379498,0.07692899356839916,0.13328641953271406
491,25,0.579134459606249,0.07880671663675458,0.1387990576725053
492,25,0.593015377499116,0.0796795708197169,0.13980674745289112
493,25,0.5934613296022159,0.07903807164984755,0.13924786008313414
494,25,0.5815844811968249,0.07843480416704551,0.13861980687173817
495,25,0.5995531526353477,0.07525099941194639,0.13385973019864722
496,25,0.6209537618862799,0.0728730771203118,0.13043196824315176
497,25,0.608078506294908,0.07407995194909744,0.13372240198562876
498,25,0.6147523519239738,0.07587197078159079,0.1347884447999903
499,25,0.6604315702808838,0.07435148070682772,0.12862605978094685
500,25,0.6285233768879758,0.0757892723416444,0.1312375715865384
501,25,0.6353139829797071,0.07591193290776573,0.12899210684205628
502,25,0.632376712437037,0.07800656885607168,0.13125857538313335
503,25,0.626379082648138,0.0758882739150431,0.12848985938742988
504,25,0.6243325223775104,0.0757295180473011,0.12829039578903095
505,25,0.6278213568570115,0.07414280142984353,0.12678741661756274
506,25,0.6239251654359352,0.07473888065433129,0.12761618775441938
507,25,0.6028746743785828,0.07308184685651213,0.12764475740189576
508,25,0.6268831996624907,0.07272983722512436,0.12750243686893883
509,25,0.64217652763341,0.0702175408812036,0.12484471789331299
510,25,0.6362204725791004,0.07171655180871311,0.12546199679734202
511,25,0.6371397149643878,0.07144465274861432,0.12633772267912421
512,25,0.6219485311696995,0.07550437081008568,0.1303581273025013
513,25,0.6265030616206237,0.07754004994974821,0.13191814625229964
514,25,0.6393250290576489,0.07699263179383706,0.12899469428916618
515,25,0.6304678074018047,0.07650856616673991,0.13000899499376395
516,25,0.6087130637272792,0.07735367684508673,0.13068201556283743
517,25,0.5901966473969227,0.07990096874127631,0.13495631761235147
518,25,0.6099683639312381,0.07940276077424642,0.13529342237321534
519,25,0.6135707723886336,0.07849301785754506,0.13403145971900868
520,25,0.6089846544912351,0.07635201116616372,0.1330006054688879
521,25,0.5874808442351165,0.07746498896740377,0.13472460425859578
522,25,0.5916375486020371,0.07711872644198593,0.13661577245593892
523,25,0.6038176311653524,0.07721267576504033,0.13568994091139855
524,25,0.6138498908474226,0.07677770533540752,0.1334975249910512
525,25,0.6195154342633873,0.0754706414527027,0.1320554817411208
526,25,0.5862222488894242,0.07658434500393924,0.1357233549502135
527,25,0.6015336777832075,0.07834413746662904,0.13619942466506668
528,25,0.6175966717170589,0.07714279474748764,0.13339830721323637
529,25,0.620623012939144,0.07699909952119924,0.13222627092740355
530,25,0.6219819902372139,0.07427040843933355,0.12984580083098657
531,25,0.5877393627916329,0.07979857876198367,0.1370277534345492
532,25,0.5791232362027463,0.08197101844823919,0.1393626032511368
533,25,0.596027440139626,0.08206824381486513,0.13832896757659285
534,25,0.6328210487863407,0.07709987005917356,0.13102009982424004
535,25,0.5898422185692882,0.07940802878292744,0.13659838345048636
536,25,0.5723618330373886,0.08175596704648341,0.1400226132876906
537,25,0.5681649155734403,0.08270313269633334,0.14118877476259037
538,25,0.5845173141980283,0.08219600474782056,0.14020737270991077
539,25,0.5743459751852331,0.07990599403602573,0.13991632453273325
540,25,0.5544054488066122,0.08350366112194024,0.14500405284759998
541,25,0.5722627278301873,0.08003529170644469,0.14138473819624228
542,25,0.6008923589730807,0.07919523615564686,0.13726658174631393
543,25,0.6050579354586375,0.07782907254528254,0.1360543581127702
544,25,0.6126396962421122,0.0765072924119886,0.13455509492031406
545,25,0.6227397355852512,0.07642422368633561,0.13300426332165372
546,25,0.6462650293433051,0.07493980304454453,0.13001934875952703
547,25,0.651864076512294,0.07432998730218969,0.1275845048857824
548,25,0.6465881232041355,0.07449943413375877,0.12737980371286287
549,25,0.6355894821187539,0.07340531969093718,0.1271682681718939
550,25,0.6349562343271468,0.07918381592724472,0.12962358608656985
551,25,0.6315511483557762,0.08459078014013358,0.13393922942598893
552,25,0.6278074512719263,0.08542731821187771,0.13480156740541463
553,25,0.638097212575174,0.08700599039439112,0.1371595555566613
554,25,0.6335650466669877,0.08610128302476369,0.13691578978106447
555,25,0.6406423162693001,0.08681468295981176,0.13668461431154105
556,25,0.6430769981860579,0.08662649681908079,0.135312269752392
557,25,0.6448888457492713,0.08581507805269212,0.13502488152195724
558,25,0.6428647022383983,0.08440607366967015,0.134608712543119
559,25,0.6339416721115332,0.07564349792111898,0.1306720424617636
560,25,0.6419556729838795,0.07606869449926307,0.13127106567014604
561,25,0.6260157323508626,0.07701592522993451,0.13246298209758098
562,25,0.6165339662947987,0.08031466211104998,0.13484164815905883
563,25,0.6435232380664849,0.0842787687771488,0.1337945787801274
564,25,0.6272285670943223,0.08632591427653097,0.1372954436621839
565,25,0.5722709867581076,0.09158829926396721,0.1449443979895692
566,25,0.5838698012738953,0.09326660008984618,0.14478521134138359
567,25,0.5713037834739209,0.09604941531433724,0.14851397767723729
568,25,0.6073398225014786,0.09047014691517688,0.14079559824155785
569,25,0.5917362193001874,0.09074331591953523,0.14100586692042394
570,25,0.5922042342201618,0.0905978497385513,0.14108471827867458
571,25,0.5491203884968119,0.09029722147039138,0.14559753246817483
572,25,0.578784589889541,0.09270287246326916,0.14355048889065863
573,25,0.600582163196833,0.08975817999074934,0.14111364671834914
574,25,0.5594199510679888,0.09175277860922507,0.14632188303062696
575,25,0.5589228613552603,0.0945788407800137,0.14929127249159746
576,25,0.555433234866996,0.09265081261080922,0.14716804641424752
577,25,0.5596705197616314,0.09188423460029299,0.1461241983479985
578,25,0.5759032311870954,0.09074872277007671,0.14436772940956277
579,25,0.6088789634208729,0.08856069376779488,0.13966075846635495
580,25,0.6149747190878646,0.08582428868423449,0.13734268591449525
581,27,0.5662615707508085,0.16182814992323982,0.18591582339867557
582,27,0.564246469510397,0.16205751573259478,0.18617958989862995
583,27,0.5685973894261449,0.14533001110481564,0.17034301494545057
584,27,0.5784271229139888,0.14691770943289156,0.1709018172979831
585,27,0.5876406081498633,0.1424324311481905,0.1675870497424502
586,27,0.5822389755603814,0.1432701252985862,0.16803205332622975
587,27,0.5774412569472589,0.14445236095711153,0.16965039813471516
588,27,0.5818581295426735,0.14348707862682203,0.16828267027452004
589,27,0.5848012515981914,0.15010484906120836,0.17490368389894417
590,27,0.5858832877479577,0.15340800939884502,0.17773110022171285
591,27,0.5813024121499812,0.15378640307171737,0.17831457358505326
592,27,0.5805933282929344,0.15419125200074632,0.17884508845190372
593,27,0.5960253820995819,0.15155149018741212,0.17600475386616263
594,27,0.6004558008891859,0.15046363468514756,0.17509870051734722
595,27,0.5961673862454747,0.1464126238389872,0.17180815799987195
596,27,0.598232705037067,0.14391102776047773,0.16845176181077498
597,27,0.6033632164333118,0.13519073143103014,0.15956149006679585
598,27,0.5857285336459402,0.13435811979896242,0.1595522778099939
599,27,0.5773799684745996,0.13517594184228074,0.16040893654030414
600,27,0.5814650508630809,0.13579458971624261,0.15946067388900337
601,27,0.5815731393848498,0.13454095981549472,0.15810421555413512
602,27,0.5670124852130883,0.13156898695538985,0.15443666746742807
603,27,0.5712201356980311,0.1306473447967437,0.1528839107809263
604,27,0.5685688395436441,0.12655723870309885,0.15037143068228112
605,27,0.5771942720714011,0.12617070765682,0.14998975539984333
606,27,0.5937594085374823,0.12758378730486583,0.15108553338564612
607,27,0.6074526341534527,0.12825661138602298,0.15082176234564487
608,27,0.5979328773634854,0.13143531578476542,0.15447623280762557
609,27,0.5988315262512314,0.13023325759917498,0.15352281382510374
610,27,0.6078586629652065,0.1318174072029069,0.15527378522760446
611,27,0.5946949003825401,0.1356513554067351,0.15948343634749265
612,27,0.5935416672700112,0.13646903530345297,0.1618463624673025
613,27,0.5743379122452973,0.13977209951961414,0.16417922283152303
614,27,0.5609823065193026,0.14125362680875697,0.16548858168266586
615,27,0.5787247233894321,0.13845312769888551,0.16412159140035149
616,27,0.5836316820279847,0.13627997422154295,0.16346188337098674
617,27,0.5788131665829533,0.13824721540004248,0.16517676366500747
618,27,0.5628736992377997,0.13322446401900379,0.16103801660984093
619,27,0.5573463048076235,0.13219239356079926,0.16057459010384675
620,27,0.5556372005047983,0.13030205127633962,0.16001483247748774
621,27,0.5610589932637966,0.13184045392754343,0.1600960029833755
622,27,0.570924155575895,0.13117014353480044,0.15781180994475075
623,27,0.5693836335339865,0.13231958977034083,0.15855643559144755
624,27,0.5643817791219692,0.13282043983315817,0.1586951728313277
625,27,0.5690585138409858,0.13287856407201615,0.15832782111497992
626,27,0.5749443159532392,0.13462933773698751,0.16055839429140703
627,27,0.5930718686142281,0.13935374974680598,0.16215636256799235
628,27,0.5933137553581251,0.14202683719573542,0.1636100425997178
629,27,0.5847106162313433,0.14640376285591628,0.16855167017916378
630,27,0.5841196535079605,0.1468521536194021,0.16963484474314014
631,27,0.5917178178627563,0.14423930591379758,0.16841836742607794
632,27,0.5926204156675003,0.14372860819625202,0.1677689048900412
633,27,0.5926671775201586,0.1454635452834191,0.16805513126582566
634,27,0.586498608416158,0.14340143861249088,0.16804843572257203
635,27,0.5864207663671,0.14526563002727927,0.16874055102317453
636,27,0.594200606643903,0.14266617474611848,0.16721233270418862
637,27,0.5997685530205089,0.1393949522107323,0.1635823530696659
638,27,0.5994269912666446,0.13988626891981767,0.16386025438251037
639,27,0.5938424562709825,0.13934435631113956,0.16411208195168678
640,27,0.6040881515810269,0.13961878433361563,0.16320738493806058
641,27,0.5973893317576269,0.13631855978255772,0.1608403973358498
642,27,0.600389738814552,0.1333912500166116,0.15796236751413778
643,27,0.6007734510626941,0.1319594805012457,0.15624547800281363
644,27,0.5963984953586358,0.13245173641131258,0.1569849350779474
645,27,0.5931270175438255,0.13172030111425556,0.15584600183813796
646,27,0.5913860698476198,0.1307694269178319,0.15505130043749046
647,27,0.5884123314830355,0.13174318847293762,0.1573136292023957
648,27,0.5868762405304906,0.13262911855377751,0.15788200917274942
649,27,0.5921180979839037,0.14033248254250794,0.1642653289713201
650,27,0.5907204741554004,0.14337926077681915,0.16705795256565173
651,27,0.5828555962648723,0.13617649391602754,0.15950835203448754
652,27,0.5871440804120635,0.13511523228533406,0.15878441099287172
653,27,0.5911826921264354,0.143897265100386,0.16623952915457624
654,27,0.5961632262872085,0.1420910263771657,0.16484113896185004
655,27,0.5972317248707635,0.14229426592937672,0.16468740168952756
656,27,0.5810890668167353,0.14220399131882006,0.16644284242045293
657,27,0.5627009115343375,0.14055640867329203,0.1671945310263767
658,27,0.5519801386404275,0.14248051865957678,0.16740454613868264
659,27,0.5399624153950364,0.14008979523554443,0.16691337074982115
660,27,0.5599160865734091,0.14484897876624017,0.16966829243542753
661,27,0.553699243353015,0.1371231889934279,0.16374622585787713
662,27,0.5574719928446953,0.13701646092813463,0.1639018167822889
663,27,0.5763303984648984,0.13841085047693924,0.16329151734761274
664,27,0.5877107915488212,0.13556362303788774,0.1606521216470071
665,27,0.5783903754752958,0.13713084263494238,0.16389652020510315
666,27,0.6060631803435111,0.1350232896988018,0.16067484920517833
667,27,0.6061601579980195,0.13493934564467053,0.16125796214253163
668,27,0.6126671566104488,0.13483388935797846,0.1605268063942982
669,27,0.6137655732555611,0.13497682948946021,0.16045641266863905
670,27,0.6103286486248012,0.14195398243609816,0.16500022394875188
671,27,0.593485487944876,0.1379420102556469,0.16469479971105458
672,27,0.5909066496790827,0.14001769244030585,0.16619460462203892
673,27,0.5910828768773361,0.140102524664253,0.16599072830474035
674,27,0.6005719592544465,0.13869231409975327,0.16361134966763638
675,27,0.5959049963275916,0.13796635181759484,0.16358466902789706
676,27,0.5886582552304899,0.1372516773987445,0.1650815978187155
677,27,0.5907446315764083,0.13707096976897445,0.16504689433054479
678,27,0.5985752697806969,0.1392317422031192,0.16759513461875908
679,27,0.6055883441038294,0.13919926662230864,0.16565797316193495
680,27,0.6003514606018994,0.13506734963622877,0.1619637344014267
681,27,0.597542573126863,0.13792124452709686,0.16317345293707664
682,27,0.6058257897236649,0.13817313192994335,0.16465778113859322
683,27,0.6039731844469969,0.1373141311609652,0.16400451051133613
684,27,0.6074198042598608,0.13751730736403261,0.16353056980026476
685,27,0.605265993440587,0.13680269278527704,0.1630484544380854
686,27,0.6011134803564024,0.13619959041301627,0.1631241236117184
687,27,0.5986120892527313,0.13584896505402866,0.1631577793871449
688,27,0.5957278403270649,0.1342964501742972,0.16243992985475028
689,27,0.60008231962226,0.13370263152755796,0.16162636884804538
690,27,0.6043264528431811,0.12579518482321872,0.15325396196824298
691,27,0.5997850010212648,0.12910922754759668,0.15625580328556649
692,27,0.5895422450639151,0.1328766005783109,0.15996632208858225
693,27,0.593052247865589,0.13400146272208077,0.16045947828243157
694,27,0.5947478033790904,0.13636593825707677,0.16232131690346496
695,27,0.5948534652012099,0.13899167088035028,0.16500040455448758
696,27,0.5870745806104741,0.13945471143408214,0.1662065907643867
697,27,0.5838572867171159,0.1388754076155601,0.16651260719239971
698,27,0.5679149623405172,0.13860030927753542,0.16768302002808352
699,27,0.5819325258104829,0.13999026959063485,0.16831057867054688
700,27,0.5881417326769426,0.13719365747703705,0.16539101092231875
701,27,0.582467991788446,0.13118713934265544,0.15889044863840707
702,27,0.5735839004671739,0.134042798045557,0.1618352540197634
703,27,0.5649924886605947,0.12975650976761244,0.15864316437063805
704,27,0.5534086231330725,0.13117721381830053,0.1600254926794009
705,27,0.5595373858049114,0.13454888151492925,0.16204945381918656
706,27,0.5692688973985929,0.13459095087950118,0.16211670870970696
707,27,0.5549072000881407,0.13917870631732512,0.16675408771953054
708,27,0.5380922158524599,0.13921821244817692,0.16738072501351006
709,27,0.5480971611453347,0.13945979732845445,0.16625985835445958
710,27,0.5467361451409736,0.1394249473401578,0.167052602060287
711,27,0.5756176839607794,0.13743401413841638,0.16391165656811668
712,27,0.5800153961234924,0.14355627971002832,0.1695787106208386
713,27,0.5667542073523891,0.14487193657318131,0.17208495679718158
714,27,0.5777458705211096,0.1455509549495764,0.1715145533830886
715,27,0.5608709470535167,0.14787548208376392,0.1744408431855255
716,27,0.5795256086514128,0.14646318985149265,0.17242818033136284
717,27,0.5750591370518946,0.1476902437163517,0.17268407516861783
718,27,0.5643673718864926,0.1447352024470456,0.17189565071481006
719,27,0.5774469381460939,0.1491290647420101,0.17415697896756155
720,27,0.5721776589113439,0.13653532285010442,0.16456234091548538
721,27,0.586067479331112,0.12899201607440772,0.15704743614369363
722,27,0.59803121703703,0.125364156769283,0.15407066021862514
723,27,0.6037892982815125,0.13066476265550592,0.1586494656698166
724,27,0.5929035832927869,0.13191581479855813,0.16141783254249
725,27,0.5796078452772954,0.1347598909086082,0.16404774462347277
726,27,0.6141820592784937,0.1331898515264038,0.16051464594587986
727,27,0.6098112618105719,0.1314617991691921,0.16035459175224429
728,27,0.60324414423788,0.13392420695570764,0.16164359846683243
729,27,0.5940966419247095,0.13834047817770626,0.16837322101220603
730,27,0.5899260412722056,0.14259999223198974,0.16970580283080078
731,27,0.5911594352957774,0.14233065363048808,0.17100904368933123
732,27,0.5906675476291807,0.14141827504645335,0.1698745330706171
733,27,0.5868982209381818,0.14035330751241418,0.16950434717344354
734,27,0.5878745585753425,0.14240919365925947,0.17013940041694406
735,27,0.5858988765558398,0.1487038443475467,0.17553132938238386
736,27,0.5898470008582518,0.1516279756557924,0.17742627880765052
737,27,0.5954888552063287,0.1473288046329253,0.17227750853350302
738,27,0.5917273623264397,0.14640448727695912,0.17140413784498962
739,27,0.591420979308149,0.14406486645857514,0.16887127336514288
740,27,0.5904886525540923,0.1397091126556188,0.16578905778049993
741,27,0.5962656339569781,0.14160921899463574,0.16657837996270086
742,27,0.5977473709581166,0.14170627887011505,0.165524907584433
743,27,0.5960229941896664,0.13420326162871787,0.15887167139944985
744,27,0.592613941189297,0.13457808751249103,0.1597335883518349
745,27,0.5881675044776795,0.14586337146465667,0.16961571084731938
746,27,0.5862061205913086,0.14574994545662776,0.17063722196907588
747,27,0.5921971510608727,0.14586727450601755,0.170015533636026
748,27,0.5993854127384424,0.1492855733120814,0.17250654933517018
749,27,0.5955586573765699,0.14859492977149785,0.17192845725874667
750,27,0.6018964457833308,0.14150890642311423,0.16553299825611212
751,27,0.6081975743397879,0.12950024370104074,0.1546558776779367
752,27,0.6060493464317502,0.13027274217514787,0.1553478812147897
753,27,0.6100614764620932,0.12974399054422975,0.15475817343935813
754,27,0.611606138693061,0.12972453431226313,0.1540379650824548
755,27,0.6093167351489173,0.12773871171986684,0.1523557532115068
756,27,0.611059798876525,0.1266983721544966,0.1509991025001563
757,27,0.6129665671165183,0.12783827303210274,0.15213749333502444
758,27,0.5974492133561593,0.13000185710028744,0.1539642259436191
759,27,0.5959378600777354,0.13721029768115842,0.1602043348446345
760,27,0.5970108847150387,0.1339043150827638,0.15772364005099346
761,27,0.602527311434373,0.13439149952308072,0.15857557011085496
762,27,0.6097029863986414,0.13236437388859484,0.15737834495292052
763,27,0.609089825878312,0.1324401131981358,0.1574860562761002
764,27,0.6078227988329397,0.13351418396214285,0.1588675249611427
765,27,0.5985200016805036,0.14351212746696546,0.16740906489407914
766,27,0.5827199980880435,0.154921543954988,0.17814017761389928
767,27,0.5568295007931156,0.16465211150760298,0.18863362845450304
768,27,0.5528978923088734,0.16923617255408316,0.19402156177437985
769,27,0.5526638746467862,0.17030855086399244,0.19521963408127205
770,27,0.5584006353265641,0.16970109480200335,0.19466829042158781
771,27,0.5614596468025133,0.17052331155864522,0.1958472963559508
772,27,0.5503786018050079,0.16898087325505912,0.1951878623776037
773,27,0.5258935618615787,0.16255474403616973,0.18896849009962338
774,27,0.5422457614197995,0.14946517531119752,0.17691853795190038
775,27,0.5776473547385023,0.14302812030771747,0.16927724650942386
776,27,0.5864596181225349,0.13777456262003399,0.16481871390993144
777,27,0.5765675347550061,0.13668318967422238,0.16305573013822577
778,27,0.5760050161025805,0.1339828514549299,0.1605855583794475
779,27,0.5781562381990629,0.13376092882332158,0.15969709226567166
780,27,0.5877476984203464,0.13291396045116927,0.1593084452762465
781,27,0.5993530667804997,0.14531940765911713,0.16996423915407383
782,27,0.5989564188875648,0.1451371114992071,0.170234201796573
783,27,0.5976097263579697,0.1429763691604603,0.16787497080736266
784,27,0.6219316011910843,0.14347783532575703,0.16468267197452904
785,27,0.6220629801797306,0.14371940279728734,0.16703829169413814
786,27,0.6198992703450674,0.14198659977759234,0.16443862493642908
787,27,0.5931034119909945,0.1436634740340014,0.1683607519595591
788,27,0.5496040356047922,0.14723644498750219,0.17231346746074538
789,27,0.5544084082751001,0.14702757212915457,0.17173819856335432
790,27,0.5468592917409576,0.14859718555235304,0.17335985498376247
791,27,0.5479606260402143,0.1501281514542643,0.17532006330493724
792,27,0.5462423010436375,0.14938964006025343,0.17542863806059159
793,27,0.5440262508220396,0.15033017386449501,0.17633649793439327
794,27,0.5434536234290439,0.14984158095787278,0.17570846609074134
795,27,0.5596188542174938,0.1444241823512857,0.16998656765914852
796,27,0.5948848132727743,0.14151902064502792,0.1676397954470307
797,27,0.5887068011566104,0.14172035231775226,0.16807833481847834
798,27,0.5950745109372455,0.14106550997410522,0.16729098564377806
799,27,0.5909346795616032,0.14163883389202966,0.16768828308937944
800,27,0.586393767145846,0.14469771578496876,0.16961035899362456
801,27,0.5797257836135574,0.15019463185046333,0.17591033663795372
802,27,0.5786419397581836,0.15199956425538402,0.17801584290330505
803,27,0.579391278449792,0.15786892378440825,0.18411763324641978
804,27,0.5829425724829839,0.15685066839301726,0.1829034382110436
805,27,0.5914906800895445,0.15943471126112854,0.18388458397238236
806,27,0.5907893436331454,0.1495649481212604,0.1752035353651696
807,27,0.5741415552070606,0.14567399651234156,0.17292324455463737
808,27,0.5655269771777229,0.1468642601078318,0.174126603049863
809,27,0.5671666880556077,0.14396735727481427,0.17160810603537185
810,27,0.5680885007814336,0.14258636404643765,0.17012309075630191
811,27,0.572737381267773,0.14190997322672047,0.16898678234862463
812,27,0.5757320776855755,0.14425947506621015,0.1713896186262376
813,27,0.5793239741786416,0.14464001280546654,0.17210722704742173
814,27,0.5740910232434729,0.1444298905559117,0.17202383813287755
815,27,0.5860020634676348,0.15147422496404034,0.1799409953034046
816,27,0.5847079877343555,0.14284461756615202,0.1723008818261138
817,27,0.5826768129063639,0.1458975997750531,0.17372562658930835
818,27,0.5876179709657837,0.14987975272699258,0.17710958655580816
819,27,0.5852858822891649,0.1523812208866002,0.17998225324207068
820,27,0.5748764100292209,0.14831830512091984,0.17765407952731482
821,27,0.5931143516903251,0.14669247136393096,0.1732493801213617
822,27,0.5992229547036735,0.1501048336690292,0.17455599156596482
823,27,0.5949561823844569,0.14851894469873514,0.17300156326866228
824,27,0.5866691170390349,0.1438540763099445,0.1683002300034672
825,27,0.5991027005768552,0.14171894657367376,0.16780863524788822
826,27,0.6030844962400692,0.13986075328139122,0.16670814414072502
827,27,0.5946819532118117,0.13649125303607434,0.16314658304117383
828,27,0.5791874360245792,0.13787005302292527,0.16326606175825767
829,27,0.5698480602772366,0.132125245553907,0.15892526177845614
830,27,0.5504585927971349,0.1652013782376889,0.1897697378630353
831,27,0.5592733088224969,0.16376902008545585,0.19025073892226244
832,27,0.5624563860450498,0.161775058923522,0.1871981960848537
833,27,0.5541169506864924,0.1624061834497843,0.18703764280461369
834,27,0.5723761376426981,0.1607448540686164,0.1848713063796139
835,27,0.5714591566251035,0.16221423316397704,0.1879453953040425
836,27,0.5558751626821636,0.1597549393272493,0.18673619890224466
837,27,0.5493662266345594,0.19107203000574371,0.21967202008933942
838,27,0.5979390785366282,0.16264937081199604,0.19017477943056812
839,27,0.5967629068200239,0.14680745017307345,0.17346009959594905
840,27,0.5662360091286212,0.18277324629365466,0.2072695235436397
841,27,0.5587310834890105,0.17827015417977235,0.20468892912762446
842,27,0.5360826828510183,0.18016999183571897,0.2068211982516444
843,27,0.559592719357604,0.17705481888144278,0.20252530647737085
844,27,0.582411330228793,0.17936685567139649,0.20316115976364096
845,27,0.5622486684976123,0.17955726540647446,0.205439043200938
846,27,0.5671918347508299,0.1752235534368083,0.20302225227607057
847,27,0.562126825683449,0.17464836598839611,0.20379563922916424
848,27,0.597458065744643,0.12325270916480804,0.1534617053011808
849,27,0.5914960715210889,0.14381192638073118,0.17135245495784326
850,27,0.5914188742626211,0.14673971442971379,0.1737420373173873
851,27,0.5832379604047557,0.16976997828809545,0.19524019664032058
852,27,0.5921843714089197,0.17055925695924087,0.19574963242687424
853,27,0.6103479157747076,0.17136286348802968,0.19486912436801673
854,27,0.6123431298054294,0.17593932720134034,0.19750649248375093
855,27,0.5658915361323713,0.17735494246939199,0.20153639477683405
856,27,0.5619329470976792,0.17779848493169992,0.20215457542683715
857,27,0.5220691434295905,0.17877407076535745,0.20529878465530205
858,27,0.5169112593136359,0.18327832130482422,0.2112027719401439
859,27,0.5129615823931307,0.16420667385915294,0.19240798280447347
860,27,0.5137320501230629,0.15773936036624947,0.18557000991135247
861,27,0.5082767082698333,0.15811382980784403,0.18661297025576012
862,27,0.5112267821414919,0.15595185849349946,0.18374876191349215
863,27,0.5441111342849893,0.15121586984605528,0.1782910146998218
864,27,0.5454979012117047,0.14478305882570566,0.17237853677575296
865,27,0.5953444372293664,0.13749871200830965,0.1630368513226788
866,27,0.48423833888723006,0.1727453765529208,0.20105379619667388
867,27,0.4995327798256094,0.17416198774473743,0.20194325792013026
868,27,0.46321242503490123,0.17399903340032324,0.20229159714724357
869,27,0.512140107457587,0.17195035892305896,0.19894719250416662
870,27,0.5020980968396632,0.17320658720331267,0.20061820962158297
871,27,0.5228703765684218,0.1764367476478219,0.20371346200317902
872,27,0.5148214768514848,0.1754675963707268,0.20245410653116913
873,27,0.5340139406853903,0.15669134037976618,0.18412139186865292
874,27,0.5298758447177182,0.15130253383948003,0.17939627905177055
875,27,0.4876112824210586,0.15291443445312325,0.18084209020724415
876,27,0.4898389317913134,0.15184980457939673,0.18007409533226024
877,27,0.5120333933457876,0.12131203225129866,0.15484143026375216
878,27,0.5070562688213134,0.12610506397031712,0.1592017752139402
879,27,0.5132740951257379,0.1255829412228195,0.15791081407946303
880,27,0.4960475279403958,0.15315113371005282,0.18193422118474073
881,27,0.4972834456819441,0.1501222396362573,0.17884259182675005
882,27,0.494210836325977,0.15404306475888008,0.18196653413856362
883,27,0.5421867804755636,0.16009303265775088,0.18660308100679943
884,27,0.5717056803862094,0.16491186326777096,0.19236337782837357
885,27,0.5798552936122715,0.17081541141320486,0.1970675921113826
886,27,0.5832684141097869,0.17291930213628803,0.19732331444948012
887,27,0.5731439388422824,0.169600666796905,0.1923288298943396
888,27,0.5762510758552304,0.1622449398576282,0.1858684170721801
889,27,0.5641684900590644,0.12623782247072085,0.15170904100725469
890,27,0.5568158255981794,0.12499534431146458,0.15071870326292447
891,27,0.5639371609723289,0.10914423115784302,0.13813287904731875
892,27,0.5365376561369322,0.11096752201439813,0.14038847778834312
893,27,0.5272037800739956,0.11159253859659657,0.14219766431956668
894,27,0.49275959014937365,0.11305257892992814,0.14557314943246816
895,27,0.4846638193693317,0.11643253265530802,0.14912236856044206
896,27,0.456344837496644,0.1351175785518717,0.16402685496643563
897,27,0.44175894015424366,0.17027600424073172,0.2039398215216632
898,27,0.43906202424066687,0.17045704995456618,0.20332525946087746
899,27,0.4253282923110929,0.1644916899787495,0.19727386740881786
900,27,0.4404669438938909,0.17897749843075872,0.2086640336872524
901,27,0.4455604167913517,0.17799008891452103,0.2076063997279718
902,27,0.4724052882513507,0.1785501403664239,0.20595921410152604
903,27,0.4883743729738569,0.16963327520526947,0.19651284298385333
904,27,0.4970291581293818,0.1722169011947699,0.19898092418427551
905,27,0.618758914210964,0.1634352472043247,0.18790424002424005
906,27,0.5947797194701884,0.15107622576091673,0.17549149510950393
907,27,0.5826283028278633,0.1493460583113483,0.17668325548487732
908,27,0.5836762679074409,0.15293377875204897,0.17935078526852416
909,27,0.5617617003793012,0.15516082839894807,0.18062720072233374
910,27,0.549824369392905,0.15396249148849164,0.17915537742990834
911,27,0.5402461446875862,0.17429266574443317,0.1985982316054481
912,27,0.566626854027521,0.17314817727426998,0.1980420772625758
913,27,0.6044944737181444,0.1719402418367099,0.19606275647299606
914,27,0.5695321436176364,0.17501274446840398,0.20144436931486487
915,27,0.5876091770294983,0.17652781827840955,0.19983995445883085
916,27,0.5641290252806545,0.1742558643594384,0.19948445157441683
917,27,0.5728592170797318,0.1600284275773447,0.18585458572014585
918,27,0.5828530933635189,0.15692419101367705,0.1829834575731679
919,27,0.5669968473745721,0.11607655509840697,0.148579872083963
920,27,0.5237656482095953,0.11945218827924692,0.1536153725617863
921,27,0.46971830402037557,0.12448523930157535,0.15868195025951673
922,27,0.5245023797508218,0.11542286681709811,0.15069672883758023
923,27,0.536601331080176,0.11520193454314721,0.14654898877496364
924,27,0.4926850163677103,0.12145730632095365,0.15311881976783992
925,27,0.4482108651803994,0.1558565909950994,0.1831744137410824
926,27,0.4664650128394775,0.15610080829588696,0.184428734283007
927,27,0.4801645622306691,0.18499124802765438,0.2142700780385077
928,27,0.5272913689482059,0.18161592812393793,0.20998167415605043
929,27,0.5340155979049773,0.17980925689800642,0.20814842970210778
930,27,0.5055863181475011,0.1534643304196652,0.18510103698186328
931,27,0.5789845289050054,0.151625535156345,0.17666490459642312
932,27,0.5406717183850903,0.1441894595476333,0.17253280893306103
933,27,0.5556717624067474,0.1272383931837976,0.15823264776091076
934,27,0.5078681309845975,0.13031668060284574,0.16243350332309311
935,27,0.46802642056106936,0.1361532085557701,0.16835302373767808
936,27,0.4678293169432279,0.1337058846541913,0.1661504907401563
937,27,0.4818327559486924,0.13094675656408072,0.16317125857449766
938,27,0.5104455702962547,0.1286116454473813,0.15712092695306182
939,27,0.4814788013846051,0.13208826114452676,0.16163445054172532
940,27,0.4988485569909782,0.15638707658741624,0.18552044750653143
941,27,0.4896985473998,0.1612353224866092,0.18741165826289302
942,27,0.5065574739774379,0.16229395891539752,0.18759049505735279
943,27,0.5173035659892181,0.15150984526379033,0.17665418258245144
944,27,0.5156392679594695,0.1551656225719489,0.17934666051452317
945,27,0.45391104535893023,0.1588359530363232,0.18655046305413472
946,27,0.49982550976162904,0.1566179274022579,0.18144575567727317
947,27,0.5095530689646801,0.15474093304947018,0.17949214493415083
948,27,0.501536401359672,0.1301405578496633,0.15878671250765272
949,27,0.49902985227598307,0.13122855657187757,0.15935985145832682
950,27,0.5289234240871936,0.12963059539033567,0.15613284308261713
951,27,0.5282725021174302,0.12944784648774657,0.15662867273380757
952,27,0.536266591779134,0.12847286182048265,0.15559136441912533
953,27,0.5807574606785565,0.11886987236212007,0.14569475361654735
954,27,0.5476189836559938,0.11984174471232109,0.14902442866284307
955,27,0.5486102431969138,0.12255595423630439,0.1495691037169439
956,27,0.5295273696133524,0.14943953897687606,0.17795619363863446
957,27,0.5461087116119476,0.14911862638778983,0.17879697490964735
958,27,0.540077421809386,0.1316255701141199,0.16034866088274496
959,27,0.5123082359233837,0.1328464014682686,0.1607165667290822
960,27,0.4379411711642425,0.14011472000624053,0.1700477262909755
961,27,0.3894765734748067,0.1448096141673159,0.17416743380867938
962,27,0.4541168275714454,0.13884478152613156,0.16913470011160414
963,27,0.4327094179602515,0.14179616386187263,0.1722858196264277
964,27,0.4054878820074961,0.14349061214481482,0.17533010477790664
965,27,0.37908576678240635,0.14682853422069456,0.18019055989467594
966,27,0.33701736949277,0.15486048685066633,0.18615227950828162
967,27,0.39701201204712305,0.1544576147585758,0.18439305842094786
968,27,0.49584398445304295,0.14467056835914263,0.17494208261520378
969,27,0.4662114756770503,0.14671532929787645,0.17577695052840178
970,27,0.4461248228145868,0.14770080733491342,0.1773619727894571
971,27,0.47708597057451396,0.14973250690643908,0.18025390341401326
972,27,0.47210993887855907,0.16877671727212146,0.19281862652552828
973,27,0.4981346242178732,0.12091910778623059,0.15047392568767168
974,27,0.5242204012788766,0.11852297561321393,0.14752097173601839
975,27,0.548347298091304,0.11142083840284613,0.14171993447147843
976,27,0.5246185555623343,0.11673916084720987,0.14760884207774788
977,27,0.5314833488542928,0.13103156792349183,0.1594298114001117
978,27,0.5033794515388763,0.15305894877063111,0.179296856095523
979,27,0.5015625046016262,0.15664416834944858,0.18223340707396013
980,27,0.4939186757243426,0.20100743886316194,0.226389613445597
981,27,0.44824396702539765,0.17970220156013966,0.20349656469669689
982,27,0.4680896472726317,0.17735728750005364,0.20039051771932234
983,27,0.41278611649403224,0.1841143760457635,0.20939281716174074
984,27,0.4653278881330235,0.17821349679958076,0.20242341383804682
985,27,0.4438295469093233,0.17807569169672205,0.2026175835514386
986,27,0.5212187655073679,0.15186330779150012,0.1794038017407313
987,27,0.5025653001173388,0.15196964940216276,0.17906487851171773
988,27,0.4778411025508256,0.15237039490020834,0.18173168122493952
989,27,0.5082421452707491,0.16288779010181315,0.1947199727675044
990,27,0.5167111079570672,0.1633083185798023,0.19475573367851312
991,27,0.5632599708624697,0.16086276044719852,0.19003324651523712
992,27,0.5690750830088835,0.1578036710212473,0.18584611599870451
993,27,0.5571192924357106,0.15927640492678619,0.18587458170866833
994,27,0.5089338868102377,0.15241671740252058,0.18229176505686362
995,27,0.501346441877512,0.1577258090430405,0.18768882953848776
996,27,0.5705241627846461,0.1538757640623953,0.1805382979357038
997,27,0.5407869157285548,0.12481242230860516,0.1515942820526841
998,27,0.5191401208688747,0.12586150355869904,0.15328237011363666
999,27,0.4689519502545357,0.12965841736178846,0.15926624705840983
1000,27,0.4512046894935957,0.1399639781593578,0.1696933169494429
1001,27,0.5656529671728467,0.17301557029073591,0.1962115819581952
1002,27,0.571279042826499,0.15092604137258603,0.1761215706378311
1003,27,0.5752757753287555,0.15332051274133845,0.1781764510200605
1004,27,0.5699233794487628,0.15408204618375748,0.17812535625139758
1005,27,0.5764268159514521,0.11859268637839705,0.14639649953946776
1006,27,0.5742189392516119,0.11829702063463628,0.14608595480734923
1007,27,0.5639990868241791,0.10446914899512194,0.13746433523809948
1008,27,0.5879788747169327,0.10085012200739583,0.13456541133530436
1009,27,0.5678112469345787,0.1017610362693722,0.13652403005532968
1010,27,0.536921805507505,0.11035261417971924,0.1425106835307215
1011,27,0.506922226094966,0.11525785061472561,0.14737033445647907
1012,27,0.5113712341870418,0.11236625935591292,0.14475167826453159
1013,27,0.5121989241399018,0.14665091729955748,0.1776179176857085
1014,27,0.5049441265044299,0.14879263329086825,0.17989454505253505
1015,27,0.5053438643165348,0.14509088977763895,0.17578919912648205
1016,27,0.5024937541641752,0.14542839696339796,0.1755261122523748
1017,27,0.4605439632293661,0.15038427391846199,0.18008403928182773
1018,27,0.5080900884881908,0.1474947465211153,0.17608152062358978
1019,27,0.4936883025133633,0.15061765872058458,0.17811598079650381
1020,27,0.42723348316158455,0.1526461321429815,0.1800911349847296
1021,27,0.4267508204994191,0.15155873860116117,0.1802984454819127
1022,27,0.4460546923704066,0.16416104393894784,0.19194119798934398
1023,27,0.4529245508032081,0.16488496720208787,0.19098424694932029
1024,27,0.509882614951978,0.15986996280378662,0.1848594521410607
1025,27,0.5171454423529902,0.1579117634042632,0.18380574251862253
1026,27,0.5268374514311457,0.1555998760915827,0.18155468241474543
1027,27,0.5486367555540662,0.15353455429780297,0.18039133390371237
1028,27,0.5917320880438247,0.15006964218919167,0.175938581624642
1029,27,0.571214606125594,0.17416604769648983,0.20091731025191106
1030,27,0.6095908246922805,0.12742980061004347,0.15597417256960933
1031,27,0.5993729211766715,0.15142882711617858,0.17708916972769448
1032,27,0.5660960388170571,0.1513223565464432,0.17995674520618452
1033,27,0.5716374475077024,0.15172981944691855,0.17965639468832537
1034,27,0.5240918902060981,0.15410497302014847,0.18412624860258708
1035,27,0.5252992448020128,0.15327989983430598,0.18298840279470582
1036,27,0.5330496067453708,0.15370858479349409,0.1837914399635669
1037,27,0.486268606048509,0.13464372631322477,0.16446593287652309
1038,27,0.469576942971435,0.13597985210290062,0.1653784201358851
1039,27,0.4619046852831178,0.12715324619202875,0.15960207908316662
1040,27,0.4538257885996727,0.12369466549847857,0.15760552560481184
1041,27,0.46770825034179725,0.12189968938953825,0.15463118665566028
1042,27,0.5104078768958076,0.11788881793167093,0.1490891675669591
1043,27,0.5335027060445368,0.11561570152101922,0.14792268573863276
1044,27,0.5263461888610076,0.12854344220249914,0.15625751745410718
1045,27,0.4939958655320316,0.12955571414204314,0.15884284855639028
1046,27,0.49029829123629776,0.12952355071669444,0.15865970126474066
1047,27,0.4830537785089525,0.12909461443661713,0.1590547655747734
1048,27,0.5013755308232736,0.12929636148037388,0.15914845666487634
1049,27,0.5368071554648852,0.12424318870063872,0.15313914613976973
1050,27,0.4954952621350533,0.12542487035039812,0.15892667822754192
1051,27,0.4550464597730662,0.1199633620888926,0.15449836001013234
1052,27,0.4692896143083165,0.11783952937810682,0.1527774231050785
1053,27,0.5888176955801723,0.10816762214613845,0.14039210252944148
1054,27,0.5560324931492866,0.1121493922919035,0.14460708173316641
1055,27,0.4622898345988842,0.15009553066047374,0.18310790884469963
1056,27,0.49759618399230554,0.14848700850387103,0.17939565876179764
1057,27,0.48694395821370856,0.15261520728934555,0.18394706248921977
1058,27,0.46767175429124247,0.1533285859541502,0.18571129896518165
1059,27,0.5649011719985597,0.14779181460631663,0.17384421244020706
1060,27,0.5265211834788959,0.1531214393816481,0.18065291087044952
1061,27,0.48234349099581636,0.15560538227669896,0.18486605014179666
1062,27,0.50348167408015,0.15410993872676046,0.1833908960746323
1063,27,0.4537223584895308,0.15541588949166907,0.18537821335966026
1064,27,0.4431956725912888,0.15846832803810684,0.18695284595738915
1065,27,0.4740782387339609,0.15252868629759178,0.1811738850736843
1066,27,0.4410787282974976,0.15339256841456517,0.182715539846682
1067,27,0.42762260028027965,0.15179611661471426,0.18213219175963122
1068,27,0.45399851773375044,0.15340856018243357,0.1815342481902777
1069,27,0.4813094589340828,0.15000128066400065,0.17664531102128903
1070,27,0.4833215223115371,0.1543138281092979,0.18019334620835215
1071,27,0.4910610215633088,0.13761091225780547,0.16486078574906177
1072,27,0.5042611311785231,0.1336895151110366,0.16335898638785723
1073,27,0.5055400086903208,0.13157997193280607,0.16183398284514017
1074,27,0.5463269724036424,0.13001048117876052,0.15752686220445644
1075,27,0.5481620967982672,0.13394547848321964,0.16084539545186924
1076,27,0.5975243739676412,0.13029744072584434,0.15431940011548367
1077,27,0.591806054574277,0.1301459069561679,0.15608001593425622
1078,27,0.5605504870801185,0.13158890513819643,0.1585831248874585
1079,27,0.536356344623643,0.13687158697401172,0.1646640490532764
1080,27,0.5355887476695232,0.13723376426496542,0.16558480309911344
1081,27,0.6019250298681624,0.13479562067077494,0.15833917334670702
1082,27,0.6102943131846554,0.13686313487705776,0.1589462884386194
1083,27,0.5785622222103602,0.11484401747438824,0.14339452963885288
1084,27,0.5490643359089042,0.11710568181792042,0.14697537651533474
1085,27,0.5454190245587972,0.12044405078806449,0.15018719987660148
1086,27,0.5247941422501913,0.13272377078421413,0.16094914658280043
1087,27,0.5379627925379054,0.13421643225010485,0.1621602865032225
1088,27,0.5178170101786005,0.13781221596058457,0.1650368761045934
1089,27,0.46743134722740726,0.14068710022140293,0.1693038406067339
1090,27,0.44454101747306424,0.14041638488648459,0.16974042984616408
1091,27,0.48189380456420833,0.14525421724189072,0.17437080689643839
1092,27,0.4893762772537165,0.14070047724351753,0.1707226161815215
1093,27,0.49060572350749493,0.13472925720736384,0.16616956570809618
1094,27,0.4488572255799365,0.1376571461360436,0.17003629063588718
1095,27,0.4442885616793173,0.13206310590612702,0.1644790801247459
1096,27,0.4618796846236539,0.12491821175208315,0.1591877210116951
1097,27,0.4719289005970303,0.1468440944876056,0.17575400962378346
1098,27,0.4927380119098744,0.14577757078106515,0.17391478211965636
1099,27,0.5062764899416068,0.146832909634104,0.1728635613623275
1100,27,0.504595871375979,0.14453691807808355,0.1701234109067887
1101,27,0.5176198383693824,0.14613954664906487,0.17028880796965734
1102,27,0.5547804707713767,0.1413612369610928,0.1649977187461854
1103,27,0.5593729864986932,0.1465785825997591,0.1702722716734564
1104,27,0.5226474067790163,0.15243051356897921,0.17854657713486152
1105,27,0.5038809869553904,0.15495592109742573,0.18264849857355567
1106,27,0.5183999456263089,0.15509994595660828,0.18125499824268057
1107,27,0.49707044303558073,0.15748039495781996,0.18433072547657592
1108,27,0.524236702611821,0.13493330577970483,0.1617139842368781
1109,27,0.5305726641151542,0.13082657709368506,0.1581453112294067
1110,27,0.5063153820149461,0.1385274552984629,0.16760968806211318
1111,27,0.5626384476512751,0.12032673472771421,0.148958601248502
1112,27,0.5714656840508858,0.12045263792359037,0.14830649212633548
1113,27,0.5634593475376535,0.12184900197637034,0.1518689667084768
1114,27,0.5742815361863542,0.11592603927012533,0.1467200126050022
1115,27,0.5523277056884291,0.12652017026906834,0.1556369272670547
1116,27,0.5421449365477179,0.1302455509651918,0.16025721020257097
1117,27,0.5530858023754371,0.13700466113397852,0.16589945259629185
1118,27,0.551563917361069,0.13683762097731234,0.16444226598092287
1119,27,0.526504520891541,0.138001648071222,0.1675288399058201
1120,27,0.493174884406903,0.13225311286747454,0.16586480153502023
1121,27,0.5188527113798131,0.11243275965913199,0.1458644413087876
1122,27,0.5231909335495841,0.10757304545782972,0.14229445676083854
1123,27,0.5348279415369829,0.10340483451422187,0.1384784644848209
1124,27,0.5602435573939801,0.11955383647233248,0.14860968044420847
1125,27,0.5736492413503811,0.11862245039083064,0.1477850681816909
1126,27,0.5591198845619044,0.11878655264154077,0.14889477887566985
1127,27,0.6148964851353448,0.11620910145808011,0.14323022035074953
1128,27,0.641053667159062,0.1135570810502395,0.1401996414962897
1129,27,0.6350946559423133,0.1470459151826799,0.17177159134837722
1130,27,0.6128392513280528,0.14429706557653843,0.17201627057908747
1131,27,0.6184198648520585,0.14633905388240237,0.17183905296382262
1132,27,0.6268031000848646,0.12970969095127657,0.1564912055925832
1133,27,0.6145539817638309,0.13303410702152177,0.15853408404015348
1134,27,0.6340172020668392,0.13522166911745445,0.15746628349249037
1135,27,0.5747573625252653,0.13908016514556948,0.162608852807499
1136,27,0.5690258635746029,0.1409469417744549,0.1642556038974546
1137,27,0.5808176980784884,0.1386018798017176,0.16198018511919118
1138,27,0.5771946689017635,0.14025084960332607,0.16330624969107627
1139,27,0.5860495929204899,0.13908318951609544,0.16230806357589775
1140,27,0.5853260042689785,0.14697817854990716,0.16925800545369432
1141,27,0.5820591738142739,0.15325656027009246,0.1753084150787614
1142,27,0.5728221064499179,0.14459772688045633,0.1671536153640622
1143,27,0.5962722785003989,0.11849806531972717,0.14132269705279873
1144,28,0.24790512051220484,0.11890102730598301,0.16668458793696966
1145,28,0.3857050693381309,0.1132165676317527,0.16115180707485813
1146,28,0.39895911582146665,0.11010647588933352,0.1590954178634471
1147,28,0.3578479494389758,0.09548561550676822,0.14149601112861007
1148,28,0.3262305198254674,0.1860554361062532,0.21878049931325305
1149,28,0.2628502750732289,0.14668193780467845,0.19169854382995288
1150,28,0.25675167759779516,0.14331653298722813,0.1896530591846343
1151,28,0.254620315975125,0.14552425991423662,0.19281521722402176
1152,28,0.2878935664746207,0.14011549073649804,0.18746010950061387
1153,28,0.21685168388001352,0.1451186810657964,0.19452365375867475
1154,28,0.21302163640951147,0.15129037177568536,0.20045156447008633
1155,28,0.2362326834147813,0.14441703609903925,0.19359996086269068
1156,28,0.22633480833425162,0.16551011402130825,0.20178781145265592
1157,28,0.3823981803557092,0.1258997802544036,0.17053939178319608
1158,28,0.37627210300648256,0.12441425559023628,0.16940185583429282
1159,28,0.2500795301697553,0.1626653973851353,0.20713899452557819
1160,28,0.2668273350845098,0.16358596782840323,0.20700541634302835
