subject_id,seg_id,pcc,mre,mae,rmse
25,0,0.6087414903664041,0.2712601620283817,0.08669004993571434,0.13497497458288574
25,1,0.599796970208715,0.2839719659614872,0.0904066071525449,0.13927808846094797
25,2,0.5696313373172307,0.2918391236512929,0.09149119086796417,0.1400356285107558
25,3,0.5682497522404454,0.29248370457747713,0.0917583278764505,0.140529920817321
25,4,0.5614357000683774,0.30182612508545514,0.09486543253879062,0.14328846759362562
25,5,0.5237060280065512,0.32202814693782095,0.10104903149534948,0.14978057399473307
25,6,0.5417187220142744,0.30720499736211726,0.09835160571383313,0.14272620108107398
25,7,0.5748415614292868,0.2970779475931927,0.09476682698121294,0.13864558338224764
25,8,0.5727549665715346,0.2975956408070045,0.09398684302577749,0.13974997566359007
25,9,0.5347240584257099,0.3232934871597525,0.10204477184452117,0.14752222330242534
25,10,0.5357580620948095,0.323326706557143,0.10445250136253889,0.14984507093749203
25,11,0.5359814231218136,0.33466159482645924,0.10835324923915322,0.15366334693213965
25,12,0.5469269525167703,0.33087130475339227,0.1070782993285684,0.1522495006170165
25,13,0.5571736408737189,0.3265984822296802,0.10565197920484934,0.15073142201296486
25,14,0.5586335420920041,0.31952551757297415,0.1006529122532811,0.1480885844099421
25,15,0.5317166229408717,0.32234504074845044,0.09956233627453911,0.14898601373586384
25,16,0.5473294467586576,0.3199748026240614,0.09895044608565513,0.14571073588440794
25,17,0.5534815222172214,0.31633686378282017,0.10274659176589922,0.1472009448777911
25,18,0.5623595526652697,0.3003754412097328,0.09657300876453519,0.14268752451095526
25,19,0.5628949507406622,0.30476119129047635,0.09866699616890401,0.14317312782532204
25,20,0.5530896314699215,0.3042709123235615,0.10071083837538027,0.1452515829554021
25,21,0.5308413473117795,0.3070056581017669,0.09885385017259977,0.14373602302421246
25,22,0.5583535603187378,0.29768230422430375,0.0959355852601584,0.14140375672949668
25,23,0.5543920793359011,0.303657430213949,0.0981672477372922,0.14354634582203152
25,24,0.5538431015077309,0.3047940626752724,0.09869043724844233,0.1435898269729409
25,25,0.5961452477222063,0.2901781430362367,0.0908624885068275,0.1362533826414881
25,26,0.6073714886015971,0.2818008094829499,0.08852246356662363,0.1354896917882792
25,27,0.5738611319715308,0.30576629313288195,0.09609133175981696,0.14306718824343184
25,28,0.5884383096675471,0.29968377181209827,0.0941972725855885,0.14049118508832392
25,29,0.5994587921247377,0.29136815483850204,0.09162210567330475,0.13764793829836228
25,30,0.5661056418897691,0.3117087602083501,0.09649503872235073,0.14292935983129026
25,31,0.5362080905074312,0.31917810434827715,0.09873200263216858,0.1480023930092433
25,32,0.5822521867927904,0.3155057518479252,0.09647005869657732,0.14087517661987914
25,33,0.5724561076432942,0.32006462281145714,0.09801445882767439,0.146981667742424
25,34,0.6213936329445868,0.2800411502548062,0.08528730943216942,0.1344064075408096
25,35,0.6164369766590782,0.2919437312983789,0.08535353530256544,0.1361661435443305
25,36,0.6247934515708472,0.28480707648529624,0.08739252508501522,0.1377012782093479
25,37,0.6255756158534131,0.28957435179145635,0.08920689873513765,0.1391071059573744
25,38,0.6068901582825869,0.318784266179593,0.0995987779146526,0.14941309374730072
25,39,0.6073899636810902,0.31556169156883884,0.09878186423215084,0.14861628393755422
25,40,0.5964937648315238,0.316241961027396,0.09923655305989086,0.15024181498525171
25,41,0.5985387312697998,0.2983029382304912,0.09336471020560566,0.14456077207386078
25,42,0.5745517794370264,0.3040961729454944,0.09493757678978,0.14553305386993015
25,43,0.5901870344263577,0.29514940736852996,0.09209920210148993,0.1425206587206822
25,44,0.6008000304771269,0.29524836304917,0.09185207864502445,0.1395054844497066
25,45,0.6199084822265141,0.28463839470144126,0.08783035740023479,0.13215510330370486
25,46,0.5565328166303207,0.29745551155861044,0.09722225461504422,0.14548039368389265
25,47,0.5948145119978422,0.2743584539988932,0.08999078844790347,0.13813981375654344
25,48,0.5968854811895368,0.28165289393447895,0.0932590940350201,0.138009223201176
25,49,0.5737654106869675,0.2922743031410384,0.0967535844957456,0.14300418573334714
25,50,0.5675963634333042,0.29515265305407323,0.09781334648607298,0.14395351391679992
25,51,0.5558717369563984,0.29792165253392006,0.09883850078331306,0.14630291141344742
25,52,0.5716727722506695,0.3018256223643442,0.09834783386671915,0.14507869927763306
25,53,0.5422461406722098,0.3025584728332114,0.09862377350160387,0.14678714338692722
25,54,0.5923681809994282,0.2936649742014095,0.09274748733732849,0.13785224585228054
25,55,0.5913999030322659,0.29067389338195976,0.09143701719585806,0.13714911808460978
25,56,0.575605149984983,0.3144967895402767,0.09799585042754189,0.14276181334744328
25,57,0.5758416075937648,0.3007449374151402,0.09411349829169921,0.14021296445821496
25,58,0.5692406668989368,0.3038669334104675,0.09608088005450555,0.14190601515571435
25,59,0.5579394116018691,0.31135502310181584,0.09900651679025031,0.14587355292382795
25,60,0.568047563193492,0.302069732893768,0.09933385102078318,0.14728614464077855
25,61,0.5747116268466174,0.29806939865891063,0.09769358250375718,0.14541294344362687
25,62,0.5921184671578367,0.2921796931717226,0.09555874689312532,0.14331785605983727
25,63,0.6331954404456255,0.26949415638730173,0.08806964271765082,0.13586219311368306
25,64,0.5897402139579228,0.28933458962624425,0.09493232229787736,0.14530736303112854
25,65,0.6346220051407505,0.27184817611577,0.08996969246077696,0.13482093893985228
25,66,0.5962789257380545,0.2938324721895318,0.09611351621458653,0.1455485011524318
25,67,0.6174339022140126,0.28627776219287865,0.09307665388025725,0.1404665017268481
25,68,0.5811057591314926,0.2916735065798779,0.09497058425709838,0.1410719600276905
25,69,0.5609658693978861,0.3058927544006787,0.09750270432356047,0.14368125397713732
25,70,0.5538505209683897,0.3096798765836972,0.09922432276332983,0.14706320936041917
25,71,0.5711579559445574,0.2967370035229802,0.09524523227853933,0.14232819248897083
25,72,0.5802514182553002,0.2941883991792461,0.09661807939759455,0.14361016932809859
25,73,0.5523352718518858,0.3040185111068239,0.09726223988052879,0.14712497334305366
25,74,0.5535241241911506,0.302895050057268,0.09802821381570538,0.1451151231782867
25,75,0.5744209464416467,0.29099216849459214,0.09438723669241882,0.13918211721991508
25,76,0.5595980945068898,0.2988757520420199,0.09711832272441825,0.14265273774712176
25,77,0.5454957415161906,0.3038673040814782,0.09764758471166715,0.14399138614550647
25,78,0.5800141333279133,0.28346495148929746,0.09157874653872568,0.13700731397486182
25,79,0.6270298354506627,0.2591350773920699,0.08397966642223764,0.13260923965432742
25,80,0.6161980400429056,0.2700458319212672,0.08625465417339001,0.13216119202544274
25,81,0.576966982771665,0.28969599209916413,0.09208486472081859,0.1372196371094575
25,82,0.5813457001532811,0.29036581930224187,0.09191379221272655,0.13741176667518704
25,83,0.5837350326839654,0.2928285865678553,0.09284377908101306,0.13976005340188363
25,84,0.6279291699218374,0.26702238142220736,0.08484992805402726,0.1309244638141394
25,85,0.5372144983440228,0.30664922869226574,0.0987358126975596,0.14713776441769516
25,86,0.5956455819104669,0.2915371585179591,0.09282768318254966,0.13876789703572193
25,87,0.5731233802488197,0.30733214494568334,0.09702901496144477,0.14297852293968358
25,88,0.5691198384593715,0.3064884341295168,0.09670458655396942,0.14264793097284897
25,89,0.5681208298839268,0.2978715377890211,0.09598249836039031,0.143062648387841
25,90,0.5656800051922635,0.30616343310563554,0.0959234067008947,0.14472732519290538
25,91,0.5621651886118455,0.3045928381348143,0.097553355373675,0.14653655192981
25,92,0.6012927890917885,0.28746375725054263,0.09216066425316967,0.13901191636068452
25,93,0.5699003257083592,0.296711138871451,0.09492412518535275,0.14304612457008922
25,94,0.6087189874816887,0.28285437676348996,0.09053673216432799,0.13662563847880077
25,95,0.6060306745144443,0.2857081476144629,0.09151562960643787,0.13640256739712533
25,96,0.6055524374919904,0.29299449397315525,0.0939480047422694,0.13721836655899705
25,97,0.6163472943176244,0.28474250642545484,0.09094490241724998,0.1351222928681272
25,98,0.607110097951597,0.28259807874329296,0.09039204063767102,0.13835649018442062
25,99,0.6178643031655063,0.2696021236809198,0.08928768582292833,0.134926288297373
25,100,0.6106059713947299,0.28066764925259136,0.09280831320065772,0.14009035683898877
25,101,0.5562452115752817,0.2966031423229105,0.09824547953525326,0.1464896391307958
25,102,0.5360711717449498,0.3085760674430505,0.10229159644659376,0.14987869645380725
25,103,0.5420965333993533,0.3105755632171332,0.10316045231505995,0.1513553926554693
25,104,0.5426575000644972,0.31395784231242396,0.10255756185710198,0.15080502928955974
25,105,0.5325844039911121,0.31395350696465013,0.10272784329339629,0.14980912780350986
25,106,0.52729119740309,0.3209588683950492,0.10482028476399137,0.1536276271781994
25,107,0.5670771708863416,0.302152025403196,0.0990719815826742,0.14509724261478502
25,108,0.590897889480771,0.29589136143145905,0.09679879629751667,0.14268534841531696
25,109,0.568508683711092,0.3088111897795769,0.10114764740457759,0.14577561039103382
25,110,0.5684923524389544,0.311770505682379,0.10207319239620119,0.14687948744634724
25,111,0.5602780091709058,0.3153006927031224,0.1031735810439568,0.1498155622562829
25,112,0.5629052257016689,0.31356550315449705,0.10215651268721558,0.14860972758741123
25,113,0.5282083951117408,0.3343110125131195,0.10892682248610072,0.15701719168623132
25,114,0.5242835786421236,0.32237402847504104,0.10511318844859488,0.1535504337148508
25,115,0.5208842314854996,0.33481792713768355,0.10473510516807437,0.15444474102250644
25,116,0.6046964916238939,0.32252649450066584,0.09741301077941898,0.14339923033005864
25,117,0.5536608756161722,0.3202165652018366,0.09545402537740301,0.1471944422947761
25,118,0.5429446644660653,0.32788689189926074,0.09841495128377574,0.1514385778528677
25,119,0.5499791867225914,0.31779884368729155,0.10131077439058572,0.1504764172111239
25,120,0.555777289324261,0.3111725227581031,0.1002316810245975,0.14977935265457595
25,121,0.540586484076752,0.3121989906919562,0.10400634323712438,0.1523030775519868
25,122,0.5526115353099521,0.3056289671121099,0.10300691338023171,0.14829206706715417
25,123,0.5482711047099418,0.3021131119743794,0.1018143679923378,0.14786201863194307
25,124,0.5301450405520263,0.30643670114429455,0.1030991094536148,0.14996351640263436
25,125,0.6222574469983817,0.27296809291122415,0.09162634439999237,0.13645061382515314
25,126,0.529500784051352,0.3094919453959203,0.1039781357976608,0.15041812221396206
25,127,0.5223650468150117,0.30814741339382884,0.10233714807778597,0.14863093233490599
25,128,0.5295339638501513,0.30306477605283483,0.1021118347113952,0.14743525479818842
25,129,0.5456643468733795,0.32431676594036835,0.10237617784121539,0.14951673593257603
25,130,0.557150383640427,0.3236167694790427,0.10056581086711958,0.14877840257617436
25,131,0.5820549729474579,0.31029391498494324,0.09823329435719642,0.1435664276587697
25,132,0.5726147529719532,0.316144813056978,0.09992910849221516,0.1453937644414744
25,133,0.5575824507445535,0.3129605283967526,0.09889586930221413,0.14432903494930385
25,134,0.5822635616459911,0.3053824763118987,0.0963272968318779,0.14164000309129016
25,135,0.5896626082585098,0.307664694052044,0.09732462363201194,0.14346399258269146
25,136,0.6107974970772403,0.29866792083489463,0.09415399415767751,0.13898868855484267
25,137,0.6117039527500512,0.2878903113083562,0.0901666273677256,0.13704183390203586
25,138,0.640889668726781,0.26610863430452547,0.08469693856197409,0.13278028048232343
25,139,0.590070907845487,0.31424655978860955,0.09712322443723678,0.14473894395567344
25,140,0.5981621706370177,0.2982011577574042,0.09253106549265794,0.14021092395415127
25,141,0.6047523312525356,0.3114534928331418,0.09685716856154614,0.14372608621736277
25,142,0.5815846603194325,0.31491723271576366,0.09804802726255729,0.14628561971424445
25,143,0.5969198482751047,0.317109329270142,0.10368112989352085,0.14847852386852217
25,144,0.6466622926991169,0.3132639346889429,0.1021328675642144,0.1430677487727148
25,145,0.631157309756769,0.29868112809934005,0.09668137041269802,0.13929010684946042
25,146,0.613231951043293,0.2964972778232681,0.09496322478516958,0.1375150302248622
25,147,0.5888921256488789,0.30403678856536603,0.09384887610562145,0.13702248895016586
25,148,0.5700372908990573,0.3109733469732449,0.09594413469079882,0.14056259681647756
25,149,0.5833723125553181,0.3037144889507276,0.09500928611203563,0.13896080234011685
25,150,0.583630861205553,0.29851978531465584,0.09358516761742067,0.13800718343699117
25,151,0.5742778799264355,0.30264207714055524,0.0950110981753096,0.1394713062040637
25,152,0.5905150537952388,0.288780462617837,0.09110075278440491,0.13785487588885248
25,153,0.5859361359665284,0.29154733956408496,0.09268017133348622,0.13943598994542195
25,154,0.5751925973723561,0.3043127117800372,0.10140608596266247,0.1456064934513771
25,155,0.596346720593178,0.30297642404537206,0.10080094008473679,0.14348013837393403
25,156,0.5560834768835058,0.2982300777457991,0.0993011598486919,0.14184045630815234
25,157,0.6706521297330335,0.2547331655937027,0.08467972616199404,0.1247313667707687
25,158,0.6348276685503946,0.2946960413207523,0.09558466119342483,0.13798723705802585
25,159,0.6003905549749622,0.3543328873953101,0.11507737352163531,0.1542242994910566
25,160,0.6224091843711841,0.32693395848459,0.105795022737002,0.14671696295200706
25,161,0.5962699633691801,0.33479490693230035,0.1083177816029638,0.15111775841751676
25,162,0.608472775190907,0.3406714110483218,0.10322859781503212,0.14904659208921217
25,163,0.6267582246563826,0.3134768722311692,0.09552761283994186,0.1421147772676014
25,164,0.6107903071974371,0.3083501433554897,0.09496006720524747,0.14349300888433722
25,165,0.6019829701866485,0.3166873355910004,0.09841604940811521,0.147977027891721
25,166,0.6231729025652812,0.3086479598781927,0.09781105176516576,0.14509972906973626
25,167,0.6192453051526843,0.2954128125581465,0.09309739966032794,0.140884421096169
25,168,0.6432390238943484,0.27387003299338314,0.08635597884043818,0.13309558089307147
25,169,0.6279911195187503,0.28437263927808404,0.09237898930732627,0.13821144050088816
25,170,0.6294820131751014,0.2753501746556326,0.08768699860927881,0.1333439566888371
25,171,0.6246875964297959,0.28643240961264055,0.09089307060901775,0.13705263354028888
25,172,0.5493094438649688,0.3100620446480458,0.09786526998272166,0.14877506030110518
25,173,0.5737188219630849,0.3024636727906353,0.09969991641235537,0.14452282728900556
25,174,0.5809789118254425,0.3017336003901196,0.09957913942984305,0.1457027751976502
25,175,0.5958681174142471,0.3134595904660944,0.1034987816249486,0.14925302341351
25,176,0.5960736528605532,0.31113658162281654,0.10270967455464415,0.15103583842842408
25,177,0.5860607488408768,0.30252029727710095,0.10016957240528428,0.14976417847377
25,178,0.6180350604411697,0.28153343441119877,0.09296543475589715,0.14146343156374064
25,179,0.6124342504875744,0.287048724441417,0.09614609120530077,0.1444737279163291
25,180,0.6223191662750868,0.28487268335473825,0.09626470332441386,0.1436720826607077
25,181,0.5706956431692454,0.3147699176154592,0.0983523892381345,0.14606101692822876
25,182,0.5947901880990227,0.30337775457105987,0.09460524902126054,0.14197270448913765
25,183,0.43185298727451715,0.4263008254875662,0.1335159152201959,0.17102817830530004
25,184,0.3765233466758144,0.44851254684341263,0.14066621540958293,0.17702513544615153
25,185,0.39904212388112137,0.43191449871228393,0.134398382185027,0.16944493470251562
25,186,0.4060948325759143,0.44817416288466805,0.13669076878606576,0.1709128669239933
25,187,0.38155915355764164,0.4388584065595256,0.132422934192291,0.17189078416305487
25,188,0.4260702308428978,0.402724927695009,0.1221634689613711,0.1628937066783123
25,189,0.4035540380982683,0.4060637173572424,0.12673322481801733,0.16789279705627635
25,190,0.5874613428709391,0.3150641035995805,0.09705452144936316,0.1449290305770627
25,191,0.6272688188768097,0.30516644021216344,0.094191694099909,0.1426752686314863
25,192,0.6135192482958823,0.3120865497357203,0.09648563554602334,0.14556276643414595
25,193,0.6219332720220077,0.3348838950728312,0.10517532075583404,0.1502078421247082
25,194,0.5914276232660228,0.3073227736031419,0.09728292539893119,0.1457332676002658
25,195,0.5480701024816668,0.32486868552179377,0.10125119398107017,0.15074287915086854
25,196,0.5220437996756176,0.3375749161099192,0.10528353835426969,0.15457579291140966
25,197,0.545181928375473,0.3185879773268396,0.09885742505313828,0.14766499022786794
25,198,0.5184731788174572,0.33386356058731437,0.10356367030180991,0.15334677828013096
25,199,0.5311152613111289,0.33594006556194034,0.10382447282201611,0.15361163995436136
25,200,0.5923023973906705,0.31830053809521747,0.09827499337596236,0.14712136631713707
25,201,0.6050948497986904,0.3097099246965609,0.09559381655286416,0.14653290256635085
25,202,0.5607154397784706,0.32152092619384387,0.09627033649303485,0.14789187361992212
25,203,0.5822707145307348,0.30632267745059494,0.09298236242582789,0.14586631265668043
25,204,0.5827063178417603,0.3181784462131186,0.09761312552378514,0.14919945282102268
25,205,0.609705270771814,0.3067331220731336,0.09416743997950107,0.14258615247146064
25,206,0.5559723121622486,0.34357419891535645,0.10554188527050429,0.15653521051804206
25,207,0.5534131216592484,0.3298023183869649,0.10117069690619246,0.1525373207580117
25,208,0.6285334656841964,0.2936017168733613,0.09018065089985612,0.13677493602412072
25,209,0.5835063007528758,0.303790338054805,0.09705697069210145,0.14437089825990493
25,210,0.4923921197691968,0.3211548437941886,0.10380368696271035,0.1573451851006856
25,211,0.5267932702945272,0.3131000943891702,0.10184643170636264,0.1525288828382919
25,212,0.5490066164022234,0.2982582729924737,0.09571351049424265,0.14549892335383158
25,213,0.5450236256752599,0.29587060826031275,0.09467418530679424,0.14382821888840264
25,214,0.5667271468989951,0.2862294872515951,0.0920263212332793,0.14168625592256168
25,215,0.5433324290201059,0.3002847026397589,0.09797733909988893,0.14894080274197943
25,216,0.5694569942879203,0.2947041061947639,0.09715717549683177,0.14620487022758696
25,217,0.5867527297357341,0.2984312704922582,0.09768908610618382,0.1434643531628201
25,218,0.5783723727269587,0.3546274226119429,0.1152705502056051,0.1578045899310267
25,219,0.5807422836864319,0.3360726339991056,0.10343210680613993,0.14946202556495883
25,220,0.6059226031128497,0.27783957134425236,0.08631208763545146,0.13458727633216638
25,221,0.5578697859193028,0.30619405728009536,0.09766410053882282,0.1477402252915866
25,222,0.5164007703295801,0.31344603550632066,0.10030915720068151,0.1514844606116087
25,223,0.5421641419150943,0.3122816493818306,0.09762342863396042,0.1472816670665787
25,224,0.574139432211491,0.3084886518995446,0.09497881823597709,0.1426668782939055
25,225,0.5250770439518849,0.3260760991784542,0.10026880185498158,0.15086637852075804
25,226,0.552565516782292,0.31350126572115905,0.09637795324117178,0.14572791395629162
25,227,0.5464142030495676,0.31269710770318027,0.0968481211506878,0.14825742159793212
25,228,0.5740638629868368,0.30053188266716857,0.09324010050593642,0.14442973132891948
25,229,0.5591441440161639,0.3180013950884219,0.09555892085509185,0.1458461994589673
25,230,0.5524025388902449,0.31942352431307547,0.09577329318939519,0.14662538666215733
25,231,0.5643917860420783,0.3141569526014632,0.09470439496741165,0.14664084836197167
25,232,0.5556013177526298,0.31490966990543207,0.09532226305134828,0.1480752351892433
25,233,0.6054042130399964,0.2941353342990855,0.08976247385930038,0.13950413321775043
25,234,0.5959743875910659,0.2913560337342666,0.089260121746629,0.14022238008003682
25,235,0.5993272356008998,0.29055942678960944,0.09034889030823251,0.14018423737152397
25,236,0.6200376054142493,0.27768775362204373,0.0873847500953707,0.13671986030728495
25,237,0.6170620665110078,0.2837768310317038,0.08941836845129729,0.13837012272058194
25,238,0.5580601782757288,0.3139317706174471,0.09768994956975803,0.14774027515669114
25,239,0.5875340569479135,0.3002581102950137,0.09339294868754223,0.14247710839091446
25,240,0.5608784402515646,0.30935515827490195,0.09633638542261906,0.14484907261881244
25,241,0.5801104853028584,0.3072274321188932,0.09331332851957995,0.1428468938560397
25,242,0.5825241738908895,0.3075308013654384,0.09307907628070097,0.14203326376685538
25,243,0.6754040193029018,0.27687283225428705,0.08379963350889738,0.12748119809912328
25,244,0.6209296398952445,0.309720023043555,0.09259035692671205,0.1413828600830779
25,245,0.6703071973482642,0.2905870810712999,0.08651820479979505,0.13129442590076942
25,246,0.6546485642829873,0.29713176664354946,0.08875825505150715,0.13560034650451536
25,247,0.6442632604746731,0.3005627412487791,0.08910579659706855,0.1371613731884515
25,248,0.6363401349205499,0.2968824148913188,0.08859975362101977,0.13742160025039327
25,249,0.6621439468717244,0.2854900731385764,0.08629367694971733,0.13424682555102743
25,250,0.6622562108771474,0.2834815912461599,0.08600220692009315,0.13396126080098616
25,251,0.6737002367795754,0.2801568756023285,0.08505832495648065,0.1321167561050308
25,252,0.6691671997747444,0.2757418768012037,0.08639080094639212,0.13019594425514083
25,253,0.6372863428451879,0.2788191056339561,0.08725738196168095,0.13188282813479993
25,254,0.6497404422850664,0.2743948147389268,0.0855004848295357,0.12788766346393995
25,255,0.6013017924331349,0.2963909171835689,0.09645291259221267,0.14233291335612921
25,256,0.6234949800050661,0.29050215668347246,0.09438047916337382,0.13836311254486197
25,257,0.5885507422668491,0.2986301465939782,0.09585265204019379,0.1415069343936447
25,258,0.5898567041804205,0.2974721841163838,0.09532053379982244,0.13958514128109772
25,259,0.5827088689176458,0.30158719233741516,0.09687640597578139,0.14124407876261913
25,260,0.6016969560538978,0.29511527349370587,0.09601740920974407,0.1433513707311059
25,261,0.5965455113643016,0.30348452423566835,0.09929202699160669,0.14345069569256652
25,262,0.6017021278757451,0.3137430989813871,0.10393980733235367,0.15000341875518014
25,263,0.5858927868513998,0.31281514446393954,0.10053275990765542,0.14846480530254674
25,264,0.6010659544505351,0.31010109505124084,0.09697513718390838,0.14386710144076162
25,265,0.6214206635229453,0.3006460717547206,0.09398407514556312,0.13802361046863065
25,266,0.6547694859330788,0.2830330963889653,0.08836723812739365,0.13211514113058734
25,267,0.5974265372174601,0.3159183188606952,0.0938120134777273,0.14430010506475827
25,268,0.6033990871719028,0.29870686883945785,0.09155848033959046,0.13788473182460637
25,269,0.6056343379914728,0.30079801895014074,0.09309721962374169,0.14019911608522992
25,270,0.6308625863060078,0.2913284246911028,0.09041917272203136,0.1382356201185796
25,271,0.6249304349000796,0.29449405006708507,0.09137548540893477,0.1385941049107016
25,272,0.6198365244448207,0.28921151484102575,0.09269079524849076,0.14078483325653698
25,273,0.6168811703378221,0.28798120275515227,0.0922022348624887,0.14007279706757497
25,274,0.6108501535511222,0.2964686411755877,0.09472409175534267,0.14178953323734608
25,275,0.6479471007962186,0.27872309377308174,0.08996038144046907,0.13405645432957758
25,276,0.603045720468578,0.296530770198396,0.09557405224855757,0.1411605095255845
25,277,0.6036936287630003,0.30300185711335903,0.09427703862180352,0.139952145004915
25,278,0.5902525244259554,0.3302415286097789,0.10115976258290175,0.14383907740946408
25,279,0.5872752575158606,0.33799373180047915,0.10064554742551991,0.14229306271202283
25,280,0.5612404942217746,0.3257567691212152,0.09682129183143844,0.14362974392146163
25,281,0.5615301055893419,0.3104190148062104,0.09500466453668195,0.14247426502235142
25,282,0.5468213382199989,0.296517850516848,0.09356450668303296,0.1446490307897278
25,283,0.5175461229343173,0.3084123548160941,0.100598035401199,0.15251972800146665
25,284,0.5403628961763812,0.2896446129806871,0.09499481120379642,0.14849318059300853
25,285,0.5847871690973351,0.28081531174793023,0.09300129126757384,0.14169898322779306
25,286,0.5894863246598161,0.28724773480306015,0.09289375199281494,0.14026712448694026
25,287,0.5695406010825657,0.2987345048465268,0.09610021667365799,0.14300108917881232
25,288,0.5192179185497331,0.31584266282562723,0.0999644134962,0.14816197794765038
25,289,0.5146087012965019,0.3240790662270746,0.10171353677054867,0.14948836929890424
25,290,0.4913846166345283,0.3316037046535122,0.10455908969393932,0.1540189916107534
25,291,0.556396993566855,0.30645178791554323,0.09695909125031904,0.14189213006107174
25,292,0.5628510128703453,0.3064785202151566,0.09783205137122422,0.14336511186987744
25,293,0.5339266841094745,0.31593820484753676,0.09979610977927222,0.14676699237297872
25,294,0.5292805972516949,0.3189828875890635,0.10191166862496175,0.14866220802853908
25,295,0.5371899837444969,0.329843292428104,0.10143033353524515,0.15043667026896734
25,296,0.5791042514486935,0.310729848145341,0.095819536371273,0.14480436310289743
25,297,0.6161627062127942,0.2970777228619671,0.09159925168787594,0.14043649422970952
25,298,0.6336603158479268,0.3017855094391832,0.09216258949425538,0.13896591805754338
25,299,0.6562237611047088,0.28460565754555944,0.08651913312518446,0.13207049735245494
25,300,0.5992695529284239,0.3088688105221073,0.09580850798345636,0.14386964751260467
25,301,0.557314631221832,0.330326630672666,0.1038223869187641,0.15092364551147822
25,302,0.5360137190107707,0.3213094731008432,0.10194349198340205,0.1508089029839635
25,303,0.5151803578491013,0.32895136424845683,0.1049926332567702,0.15382401977320978
25,304,0.5292428437156965,0.3304224660027871,0.1055729311410687,0.1542805381286456
25,305,0.5309259241693055,0.3353342436791393,0.10722296149324392,0.1570070659160822
25,306,0.5304287326785967,0.3227158438961475,0.10191849761264166,0.152560051130077
25,307,0.5289034656279678,0.3285961175162981,0.10661793896812015,0.15473603604547254
25,308,0.5626725839267659,0.3062810135620958,0.09959343709284439,0.1455877450114474
25,309,0.5985244334265408,0.279333379772676,0.09089415132533758,0.13753557035244574
25,310,0.5683427949986991,0.28364167752035835,0.09122029796242714,0.1396333115142831
25,311,0.5416038308042501,0.2937962811692482,0.09340834838454612,0.1396228534343719
25,312,0.5094047104873872,0.3168443114489696,0.10128225807915442,0.14404373858868122
25,313,0.4917454715699672,0.32151539383005506,0.10353947552270255,0.14554234627947313
25,314,0.4910501205712966,0.31230280366613405,0.10113375903689302,0.14575956503472312
25,315,0.5961584975412227,0.29893423752439646,0.09205563583411276,0.13255571725540125
25,316,0.513550986876653,0.3310365950368762,0.10270214641466736,0.1457237165000145
25,317,0.4942192517026403,0.334388627180575,0.1032846484374022,0.15056063504960435
25,318,0.5662306283183868,0.29854291442782543,0.09216417926072609,0.13768011475689895
25,319,0.5556175067335438,0.2929123941058402,0.0923918961029267,0.14319284947844557
25,320,0.6127841147985323,0.2858025976420278,0.08998042521358002,0.1371646277460908
25,321,0.5837381737072295,0.29917438003829283,0.09460488595359492,0.1432313650862929
25,322,0.6213725132287713,0.2986647896619316,0.09407871061528567,0.1423996708179387
25,323,0.567172532842617,0.30617883126717266,0.09624850623076782,0.14530599087516521
25,324,0.5667976735697619,0.3132926088559599,0.0960950115004016,0.14605952877848624
25,325,0.569941377002441,0.3089482954869489,0.09478370667231502,0.14671704591194318
25,326,0.5560730889306038,0.3150417886027492,0.09724236399197253,0.15019732506068922
25,327,0.6191763365593845,0.3018664409916983,0.09304031075356761,0.14336794450372478
25,328,0.5823103713278664,0.29582850626083423,0.08979881650477183,0.14243195685713253
25,329,0.5970548687274206,0.2923625284886992,0.08840452097763773,0.14098083251558013
25,330,0.5928355855676873,0.2955738845176542,0.09028553204785567,0.14086599339470518
25,331,0.5755111477884306,0.3094760066946246,0.09465350762649904,0.14589143114058312
25,332,0.5675538334597457,0.3094108873332036,0.09548250531282974,0.1449910505115459
25,333,0.554621187400216,0.3174854757785171,0.09685707718250341,0.14801290665466438
25,334,0.5896609734242552,0.3016996240476286,0.09162051593186334,0.1401324093096332
25,335,0.5705004267764302,0.3092669875435226,0.09506308784009888,0.1434990733834632
25,336,0.5659900045131339,0.3150432237404891,0.09568952946239734,0.144769142176715
25,337,0.5642833815429047,0.31967276997501454,0.09448261452154838,0.1429260944095596
25,338,0.5452675758409535,0.3355789029166897,0.09819175477159661,0.14668681367806322
25,339,0.5656349155352515,0.3160220008586684,0.09287247369435135,0.1450860964375661
25,340,0.5729259025246005,0.30898721502647564,0.09122210363324484,0.14506937703627232
25,341,0.5492218081143406,0.3174101058865202,0.09536969251232222,0.1476576762884523
25,342,0.5473334869460597,0.32287724143280355,0.09721676122047938,0.1502246875898782
25,343,0.5756300512185938,0.30767570173207714,0.09204784193541854,0.14178508582661262
25,344,0.5831423288156099,0.3114052906560105,0.09215314876055344,0.13959666319446165
25,345,0.5874633211259668,0.3084912292957882,0.09204867336720782,0.139626968509121
25,346,0.6592536810016983,0.28657740079105276,0.08836479052100912,0.1363640960359893
25,347,0.5812163755032735,0.306926495098238,0.09543333432302462,0.14497545823547509
25,348,0.6060956665097684,0.2926534640391394,0.08997009016617084,0.13923972500197676
25,349,0.5898278174945918,0.30703250304820745,0.09281374299825984,0.14140859809900344
25,350,0.6146440830219251,0.299839636966739,0.09031563410360832,0.1373114580781652
25,351,0.5876818201472528,0.30818954920744307,0.09302539640164469,0.14083164165212067
25,352,0.542979605783375,0.3287255626113968,0.09891295563837048,0.15006549272299272
25,353,0.5425556110307592,0.3195767291876185,0.0964472513430519,0.14857062134701574
25,354,0.5620406903420117,0.31576253625755196,0.0938602637281656,0.14422044071094425
25,355,0.5579237794450099,0.32448561541274235,0.09596620520493161,0.1451902191795984
25,356,0.5727233106001783,0.3151623318174233,0.09271509889626031,0.14286073319769316
25,357,0.5821417941936206,0.30117195812696324,0.09254839930101298,0.14353532383803205
25,358,0.6076685725443316,0.2923812227936943,0.08990467896335758,0.13977335093936738
25,359,0.5653922326477284,0.31064120331991824,0.09540791699080728,0.1450220277964106
25,360,0.5780144016666803,0.30315749869301023,0.0932551150288782,0.1419801858302513
25,361,0.555823527976106,0.30599421804819554,0.09537144074885873,0.1453450577015643
25,362,0.5690759292215188,0.2981977318936058,0.09164187026646686,0.14091854034262274
25,363,0.5503788283339567,0.30990405231807544,0.09432018750550925,0.144147004900368
25,364,0.5493682429747357,0.3092417897967513,0.093527127278212,0.14243927188826352
25,365,0.5451904916913488,0.3180778025236332,0.0956246243568603,0.14284060721740352
25,366,0.526568449237669,0.3271545934412375,0.09901364403427579,0.14661313777381685
25,367,0.5320629231095322,0.3200262642269329,0.09713383332593367,0.14644116148254469
25,368,0.5428856472338177,0.35488292098291263,0.10101070905875531,0.1478239026835607
25,369,0.5391292021037568,0.3392849413406793,0.09590730400785105,0.14693808343320078
25,370,0.5099641752189857,0.3323695552623003,0.10036393275368027,0.15285060678841986
25,371,0.565003474660203,0.3136336275750653,0.09618670039873906,0.14627373352699452
25,372,0.5613435773279528,0.3177950586554869,0.09985213041065436,0.14931332640024644
25,373,0.5591240154440302,0.3180841190507618,0.0998391183232161,0.14908488389774877
25,374,0.5435376890002006,0.30773662128114526,0.09553839558910113,0.1436618533515481
25,375,0.5175762492208145,0.3183569360420931,0.098745781374746,0.14977866860636668
25,376,0.5209734426510931,0.31837501112005195,0.09821990480239037,0.14816121243582442
25,377,0.5535930486931739,0.2977683465716092,0.0931446355197113,0.13933655326676597
25,378,0.5236548827959875,0.31356461617224013,0.09904188217129559,0.14680409761105484
25,379,0.5112470097618349,0.3261310956821122,0.10319310209015384,0.15277273710612166
25,380,0.4997657624533066,0.3264805073385925,0.10322587818256579,0.1533893594138422
25,381,0.50576307064398,0.32907869526811917,0.10398344319022726,0.15480404420864163
25,382,0.5472551980719018,0.31989770519307514,0.10192134483950213,0.14812148865962702
25,383,0.5627991819101139,0.3253592473119001,0.10347047195769847,0.14911031598431757
25,384,0.5571580216523058,0.3123391749668086,0.09677278117509559,0.1446668494801313
25,385,0.5445283360817591,0.3148805366683112,0.09445434375957121,0.14613278517856468
25,386,0.5088210413505603,0.33349277813822276,0.10102879586713243,0.15168353699231257
25,387,0.5064195445509007,0.32757805888606095,0.09942181396134402,0.1501270019800691
25,388,0.538407472363716,0.31032717440456065,0.09392203796433023,0.14239995932431476
25,389,0.5436974882619077,0.300201578271714,0.09085830059120781,0.1402238739556624
25,390,0.5484330809885003,0.2984721733313486,0.09028500178465038,0.13906707395975315
25,391,0.6301656419206286,0.2669513471907994,0.08079922410528524,0.12652697757805403
25,392,0.54625945178846,0.29941848217585315,0.0910405526444083,0.13874109325807285
25,393,0.5368563503350204,0.30168607985351664,0.09179178267659154,0.1406249361808437
25,394,0.5549831505509839,0.29345200297125945,0.08818656136398204,0.1372708614863467
25,395,0.5251600071856862,0.32927903700438194,0.09555394492286723,0.1459380048780571
25,396,0.5337876439059451,0.3368149849899779,0.09801742624898907,0.1474021332335195
25,397,0.5520036960076973,0.32981965431880056,0.09608472276129759,0.14608465139747037
25,398,0.5332132949884016,0.3435055361798535,0.09991463817306795,0.15010722379118824
25,399,0.6257545943140626,0.2994788898196953,0.08865656182751991,0.13415076873368234
25,400,0.5725591022393998,0.3285111537839165,0.1055719013698399,0.14960008858750745
25,401,0.5829963639038838,0.28818823964466445,0.09291688854107633,0.1411782991405802
25,402,0.5547290895926577,0.30906545627546383,0.09955477611394599,0.14610672231008165
25,403,0.5311220250396941,0.32097011394165154,0.10272544572828338,0.14746237852849703
25,404,0.5173470011599457,0.32807293765466033,0.10444904844742268,0.1507778466731011
25,405,0.46265209277900193,0.35241789899047304,0.10820700683281757,0.15563521001068345
25,406,0.4991108749145321,0.34504109679358363,0.10622775249532423,0.15329886551602467
25,407,0.49516737525298776,0.3446332975098171,0.1061905751132872,0.15231519200339352
25,408,0.5093806918422316,0.3497998108540381,0.10147355548455379,0.15099132261818857
25,409,0.5679323319233568,0.3116510748274304,0.08985792208142812,0.1398296926014484
25,410,0.5543527042451488,0.31975647429948867,0.09708571976283566,0.14349459413018323
25,411,0.5870145317312849,0.31513764086932916,0.09582263193791732,0.14325195088156495
25,412,0.5653754092352786,0.33168128907386574,0.10038395376759582,0.14721299359154857
25,413,0.5860750586747792,0.3207089155576532,0.10129841057932935,0.14749787548844512
25,414,0.5696315298424031,0.3261570831649025,0.10369980599614792,0.15120771729208016
25,415,0.5570499192907361,0.3226014761160246,0.10235829931509216,0.15076091381057424
25,416,0.5476156352004274,0.32254531304431605,0.1022892615624005,0.14993284022672093
25,417,0.5422155358101158,0.32221720432746703,0.10217100879002829,0.14970239999250065
25,418,0.5385265056727676,0.3242559146392592,0.10164067397767212,0.15131865245521361
25,419,0.5691514230619051,0.31284491464728137,0.09793917697679717,0.144118244651471
25,420,0.5203527735271603,0.3474514261517331,0.10886538404331077,0.15784428250682037
25,421,0.5205433541922421,0.3428360306924063,0.10799440445531218,0.1567087797380311
25,422,0.5402458359915148,0.31494149103959374,0.09873716025998874,0.14650991435015992
25,423,0.5381599395429836,0.37116252991731774,0.11647594689857214,0.15842763863576764
25,424,0.560019794183961,0.3426024244833883,0.10730063436669297,0.1507263698820154
25,425,0.5354920701853503,0.3466834360537046,0.10822841299581341,0.15433661169275245
25,426,0.5346804903094684,0.33566459559142175,0.10464854970923625,0.15268198455252063
25,427,0.5399335934123276,0.3372386827198748,0.10472703763865866,0.15151080486677784
25,428,0.4919065138425397,0.37853344325018784,0.11885804513003677,0.1656037487611115
25,429,0.4836382451184143,0.3783960238697626,0.11724330622004345,0.16457058887753298
25,430,0.5219400845813947,0.3650125373454798,0.11313145315274596,0.15900885756845481
25,431,0.5016543487207111,0.3426729250529394,0.1058406015089713,0.15460473275789452
25,432,0.49353721912218185,0.3482990765614809,0.11109178146638442,0.15997362766921025
25,433,0.46556959713155693,0.34218506429289197,0.10877390646171989,0.15972440432701332
25,434,0.5635429845622164,0.3067781150350463,0.09687331237611943,0.14479810417202899
25,435,0.5650440719405868,0.2996693449446995,0.09580502078635618,0.14384346197054707
25,436,0.53321470259677,0.311572302876933,0.09971764087677001,0.15032237232366819
25,437,0.5432865844222314,0.31057415586951925,0.10032810200733365,0.14892185290915622
25,438,0.4903634357871546,0.33597809319210364,0.10998664046725025,0.1575063046203604
25,439,0.5381266670602819,0.3237723901157278,0.10530648782238132,0.14852693129593306
25,440,0.5381260304911842,0.32568049239222296,0.10437046546023339,0.14770475109601905
25,441,0.5501391276861002,0.32052949833466765,0.10263125122117345,0.14510237069461626
25,442,0.5331144210331251,0.3302550260801525,0.1063355817104457,0.1504200843887693
25,443,0.5420160663529738,0.31716382333851423,0.1066541312658228,0.14905702897807477
25,444,0.6253791997002421,0.268087631247341,0.09097543076961301,0.1342124957632219
25,445,0.6227172907591116,0.26397158907257495,0.08913629631861113,0.13358346807346821
25,446,0.5802958971382864,0.280043514952056,0.09332344993599691,0.13971112779949674
25,447,0.5983631792923894,0.27789871222102247,0.09278680622810498,0.1372104154151849
25,448,0.5990681525755849,0.26789374954953926,0.09055941878817976,0.136539156125237
25,449,0.57591602861735,0.27236614544196497,0.09325165171874687,0.140594552767106
25,450,0.5660030564417473,0.2840375061085165,0.09668511702329852,0.14280050401586172
25,451,0.5863869391221636,0.2815743940222962,0.0904088289034553,0.13759141132420238
25,452,0.5628019417607593,0.2894545041909748,0.09324065726832487,0.1417065695456568
25,453,0.5593861013863496,0.285596067505979,0.09261785699403845,0.14191046181374886
25,454,0.5576090367349965,0.2843317852080516,0.09376380514120683,0.14402746058214616
25,455,0.5714956501918471,0.28815819380068275,0.09169675797980745,0.14134304613573212
25,456,0.5749451663268524,0.2902990470252018,0.09194824771140703,0.14292520371224895
25,457,0.5823732814606085,0.3009140147078386,0.09410619925707579,0.14465235576698807
25,458,0.5975665306090707,0.29209257252754983,0.09156653672922403,0.14069156629292903
25,459,0.5911440899542775,0.29214121007283544,0.09173129603441339,0.13937690419767304
25,460,0.5796020258781572,0.30170325464669645,0.09671149758331012,0.14541238827981823
25,461,0.6190109748497613,0.2981792848105838,0.0963563534844434,0.14302182242481087
25,462,0.5821210701088365,0.32387222130402793,0.10381697760603856,0.1515960045321223
25,463,0.5552815701341549,0.32297624438710076,0.10365680050104857,0.15171252675144
25,464,0.563417908047902,0.3226869648993736,0.10352966877981089,0.15131316439920858
25,465,0.5563757520153658,0.32309013948227494,0.10373663428123109,0.15170512070015182
25,466,0.559724616067927,0.3178058202267598,0.10216905057430267,0.15009905046580455
25,467,0.5657638871145245,0.31669845223224824,0.10368691685551312,0.15173235229609716
25,468,0.5997339596109829,0.2935598401983857,0.09660218114615418,0.14341997186333938
25,469,0.5487932455781994,0.31156916675640234,0.10198836519033648,0.14947062305369965
25,470,0.5467779723364117,0.3088462480364137,0.09928006496629678,0.14650095698492577
25,471,0.505583088948592,0.3234439902669186,0.10095177552313545,0.1477709831995189
25,472,0.48298623678706315,0.33196694444078234,0.10404341584217036,0.15245453787946067
25,473,0.5112330455749046,0.31855907169481756,0.10005148366006324,0.148462122461925
25,474,0.5322136696628619,0.322230150153326,0.10251809330220567,0.15208037513474087
25,475,0.5286540761824502,0.32304704732932965,0.10120214469614439,0.14953805080370475
25,476,0.5670498680768034,0.32200949065247286,0.1002378536912147,0.14979099721061803
25,477,0.5290580290363126,0.33391089863839324,0.10334499056800268,0.153238792934215
25,478,0.562440372466221,0.3394597138787568,0.1053743569040671,0.153235062009751
25,479,0.5634109454802482,0.343436313708406,0.10872134218327119,0.15576806230657583
25,480,0.5045365122837271,0.3396251793103294,0.10665922505329944,0.1571844363529909
25,481,0.5672409365573874,0.2908040744100525,0.0929982439376181,0.1423203031163436
25,482,0.5463048644081547,0.2933222156673627,0.09359599817951675,0.14278341374956924
25,483,0.5267959863177554,0.3242362251174875,0.10300453418341932,0.1514360290599943
25,484,0.5180309314907582,0.31051554337411325,0.09827300730568822,0.14695157507492101
25,485,0.504326587866105,0.3107318379779001,0.09828912167053204,0.1474522057623666
25,486,0.4818032768468746,0.32100139187641613,0.10241387049667537,0.15274447563757518
25,487,0.4906494407549112,0.3091505071432059,0.09968904472887516,0.1494200036784732
25,488,0.5564682436290463,0.28920062167969607,0.09379718646639958,0.1410841043398227
25,489,0.5404751857715497,0.31338318962185296,0.09437446393432765,0.1443572343953226
25,490,0.5161506057371509,0.33606289618939333,0.09971989106164983,0.14995596645788126
25,491,0.5351075600084978,0.33543521505726714,0.10142706663813442,0.14990229458060925
25,492,0.5357265033690254,0.32758109530836726,0.10096240170532837,0.15000157409772372
25,493,0.547119217286029,0.3201781187302284,0.09861557051423006,0.14822845978652638
25,494,0.6003069400628336,0.2944293583065091,0.0891245309462829,0.1364333288580703
25,495,0.5669044465036156,0.31102797007528843,0.09325002588928327,0.14153937363804403
25,496,0.5475075285372073,0.32365591005428407,0.09635291603175573,0.14665904902861387
25,497,0.5571255093604409,0.3193217784220881,0.09546592520331615,0.14658997489975306
25,498,0.5214914540688552,0.3372143031005897,0.10716136675560847,0.15762974759498313
25,499,0.4810488601030756,0.3417024993231536,0.10972664295346476,0.16148671244182758
25,500,0.5512112561117999,0.33494927174499683,0.10543699503759854,0.15204726213280081
25,501,0.5432228874347232,0.3303553087890822,0.10386281600105576,0.15212713618202675
25,502,0.5510021243618808,0.3405267826913654,0.10947425704682245,0.15640840825313748
25,503,0.5380420648065306,0.340034801703661,0.10563935506041161,0.1532562304427822
25,504,0.5338865624034705,0.3396364298310866,0.10584203415899537,0.15304503749464804
25,505,0.5515747188535512,0.36637008263769744,0.11421740339952521,0.15695559177676346
25,506,0.5586395388960946,0.3744031443887803,0.10923177577322349,0.1555885411219343
25,507,0.545473325668055,0.3472112915347386,0.10114444064442069,0.1521921546633201
25,508,0.5046732636581126,0.3606817368204433,0.10730477244716895,0.15729327051101347
25,509,0.5135904329551475,0.3592424499724195,0.10678900876788248,0.1563747588429782
25,510,0.5145925519645254,0.36090611137080847,0.1069204851892573,0.15551134647510975
25,511,0.5139420160024768,0.36910788739724365,0.1109634138851834,0.15876985483921177
25,512,0.5041116660090439,0.41338056760524494,0.12426117821931257,0.170655868550088
25,513,0.5153122857881706,0.3464062708057784,0.1053479934866482,0.1557861305225814
25,514,0.5305318728387426,0.35771096722488965,0.11074521423492115,0.15862627821705494
25,515,0.534280923717935,0.3390885322270018,0.10350707592675462,0.15099005495973322
25,516,0.5376876609286537,0.3361262765030905,0.09954044803860597,0.14744594558050045
25,517,0.5302532604761182,0.3409525908061675,0.10164691692276392,0.1504849554757973
25,518,0.5259200237688739,0.34239852888491945,0.10565050974430051,0.1524377581340045
25,519,0.5519552207926749,0.3289830173783737,0.10097283818817232,0.14793824257490462
25,520,0.5813868793940402,0.3086798794797842,0.09431659504363779,0.1416445582838658
25,521,0.5186896975897425,0.3302073417929756,0.09825612431857735,0.14778256575478155
25,522,0.5410315513367431,0.31433600272706164,0.09677190397342202,0.1469429999938546
25,523,0.5400322475683711,0.31956944546330274,0.09900732049893123,0.14789973480157134
25,524,0.5053362618069606,0.33510959853888533,0.10366848992591259,0.15339855601168742
25,525,0.4980153919854439,0.330072089032965,0.10156171012844424,0.1517769138347049
25,526,0.5184840286052453,0.31799511333079794,0.09696878580318298,0.14925741952975202
25,527,0.5019190405838846,0.3257816927437284,0.10121777292166372,0.15284139073379283
25,528,0.4629129700105959,0.3407009783160495,0.10599165283667389,0.15882806260007376
25,529,0.523929654919701,0.31531063341890164,0.09893174250726589,0.14880208230234707
25,530,0.49239473400486117,0.3291518682568213,0.10030119972012472,0.15213530110751286
25,531,0.464033159337384,0.3314546854358348,0.10430595156969502,0.1567929716898878
25,532,0.5304012504675382,0.31605847990927644,0.10012615560437553,0.15291701960212656
25,533,0.4835506071654194,0.31422767148820946,0.10109268833999523,0.1513984590933837
25,534,0.4839373849501721,0.31261349679975986,0.10075931577244773,0.1508383525700938
25,535,0.5157395965471651,0.30307923779017426,0.09634636044560466,0.14470563777404338
25,536,0.555739953921721,0.2910090133141571,0.09256885292415973,0.13984033488531356
25,537,0.5536957249261418,0.2928678676873051,0.09338602781004739,0.14116192916068435
25,538,0.5739034103528637,0.283117117805453,0.09138015346456087,0.13955081288069204
25,539,0.6137904495414463,0.2808702785551477,0.08843798755181524,0.1349270101506362
25,540,0.6396943264785133,0.27148502619067083,0.08606161151896231,0.13187049728886893
25,541,0.6104789669666558,0.30921383822998455,0.0973688495263923,0.14310476600078187
25,542,0.5943026595202109,0.3150665464304013,0.10095139860350173,0.14597343595587364
25,543,0.5971348340083587,0.30610051441954195,0.09793777688872068,0.14268456137860577
25,544,0.5416334217966513,0.3519897536749704,0.11279195308568887,0.15783744266774755
25,545,0.5350198147219748,0.3682976459906778,0.11933839030447416,0.1626298844620891
25,546,0.516631633417107,0.38289395016777755,0.12526513782911933,0.16859834871116713
25,547,0.5512615266121154,0.308467864987067,0.100913409529021,0.14620570811220973
25,548,0.5266846256827256,0.309181890825434,0.10019798013730906,0.14842758920988583
25,549,0.5337048912569162,0.31379283359669474,0.09944602520321495,0.14697805889046942
25,550,0.5548987505662263,0.3000563910945949,0.09835882198996843,0.14417255226529843
25,551,0.5149957579738809,0.32009882414832347,0.10853113804594614,0.15427538754320433
25,552,0.5360208816243717,0.28981125360783627,0.09848094695829786,0.14632841020315018
25,553,0.5191111354162035,0.30183238000382845,0.10347305796574802,0.15352102086500286
25,554,0.5117508136211506,0.31376181086545984,0.10629079725942575,0.1569692087672559
25,555,0.5270717410627468,0.34175821265789685,0.11535762795829214,0.16330180876426165
25,556,0.5445985896362356,0.33688611503313576,0.11359303182573058,0.1604312397018376
25,557,0.5239417815304348,0.3334006490497856,0.11290330363903195,0.1598304499019482
25,558,0.5551311848412122,0.3545503445551833,0.12018659446737728,0.16394289290901287
25,559,0.581666097809075,0.3169447540971162,0.10173105883557582,0.15003878299245577
25,560,0.5771627461348746,0.31529901507517105,0.10178378588607302,0.1510239281240516
25,561,0.5595193704777577,0.3116954033722624,0.10007164101902162,0.15051882544286907
25,562,0.563881129521762,0.3066878004325423,0.09953555050218711,0.15006981027867217
25,563,0.5402878922240185,0.29220335610968357,0.09864754163776525,0.14913507719994676
25,564,0.5587271113310499,0.3037145795421387,0.10250247355434113,0.15062744608749531
25,565,0.5864027462516803,0.27562283060515075,0.09298407443682663,0.1398666200474019
25,566,0.5648946857737489,0.2789003849254636,0.09483772057923488,0.14217321824846346
25,567,0.6451137353652151,0.2750260132950395,0.09451709187938832,0.13766561554704396
25,568,0.5563862488131877,0.2997372266097061,0.10240387230296619,0.14846920485878173
25,569,0.5911445874501345,0.28330569797795846,0.09613022543140687,0.13955082830146429
25,570,0.6082850754783452,0.2841400622462468,0.09651608380372637,0.13925854250848627
25,571,0.6127255215930968,0.2894185057212007,0.09587141116498969,0.13937857478680687
25,572,0.5953201312711883,0.28317222903335093,0.09613321419688874,0.14083149615298685
25,573,0.5579044826214977,0.30147213706282766,0.10182665466069012,0.14802570596137182
25,574,0.5848891064408404,0.28331644860794325,0.09455136639619013,0.1407065089096254
25,575,0.5556044340751484,0.30082840658822996,0.10101476715964963,0.15125795503783698
25,576,0.5349761980193741,0.3143768706831292,0.10383086683490546,0.1554737601493171
25,577,0.5307590892017082,0.30984901354665223,0.1015088264332735,0.1534774803385433
25,578,0.558187180984118,0.3023579199581805,0.09899770200980129,0.1501203005891681
25,579,0.5570179604974004,0.29265865924343104,0.095827608249092,0.14686478354666563
25,580,0.5672824468361649,0.29047269610814797,0.09426101568649756,0.1439532153336934
27,581,0.5796774769857861,0.23286535163976285,0.1012114472995745,0.13241870869717395
27,582,0.5521286481359432,0.20485537487234215,0.08933711660618428,0.12602211063155044
27,583,0.5388052630644595,0.2533219900130823,0.11051753711479251,0.1429479682186784
27,584,0.5517407179451224,0.2518769029539051,0.10989910253731068,0.14128780470290803
27,585,0.5700156229600347,0.25384168830942266,0.10979331531358184,0.140396061402107
27,586,0.578061088541543,0.255790590237679,0.11072913743817481,0.1410240693498746
27,587,0.593582769552782,0.26381701054354806,0.11438479372784059,0.14320847593197933
27,588,0.5874704622080861,0.26912867881824115,0.11674525845348399,0.14571540261623042
27,589,0.6174171207452146,0.2979798691722463,0.13035972037559987,0.1550786375063041
27,590,0.6251604680381244,0.3087150897106176,0.13611842266109306,0.1595768019645123
27,591,0.6351634889552038,0.29224638533383734,0.1289743109146366,0.15283139075798252
27,592,0.6322791995721508,0.28344721011110385,0.1253261411638232,0.14991606664611343
27,593,0.6429428903762414,0.2966201000657126,0.13036212711944245,0.15340564903091358
27,594,0.6547404260153123,0.31255169141222416,0.13718170646345243,0.15843500329605115
27,595,0.6537302692536076,0.2928457637810838,0.1268625375512056,0.14941195974002885
27,596,0.65978807857523,0.28198135676455716,0.12055934099131264,0.14405965225838546
27,597,0.6502712281242466,0.2680899222200107,0.11227679214407545,0.1376995986251493
27,598,0.6341686700749413,0.291326138547979,0.12119104373468872,0.14582850080692242
27,599,0.6355352669740991,0.29704348987196344,0.12325465200436156,0.14688737657158457
27,600,0.6345943057183018,0.29658803107160847,0.12288654243689962,0.14584495471644662
27,601,0.6345966045663668,0.28066365379043123,0.11625623741652817,0.1398994069447743
27,602,0.6433484077189275,0.2862716885462561,0.11577871052111732,0.13810270905420158
27,603,0.6618226268521679,0.26544023724033505,0.1071966572877136,0.12874082383616223
27,604,0.6629448386905842,0.2513279333801226,0.1003114353264391,0.1233688402395403
27,605,0.6560372627120712,0.2637857689071546,0.10499018869810244,0.12768334936559092
27,606,0.6599562214141245,0.2773802009377856,0.11132932392280054,0.1336879193246881
27,607,0.6651781960231662,0.240023417302195,0.0972210289069335,0.12206176950048005
27,608,0.657730782561509,0.2401538652371201,0.09851663836161606,0.12354587558404076
27,609,0.6513806347752504,0.22881759753444028,0.09392119072377682,0.12059658398831741
27,610,0.6653435371390893,0.2359440930280311,0.0979565514670685,0.1229722001679669
27,611,0.6511932466062272,0.24872069833523708,0.10344442609930411,0.1300243670413894
27,612,0.6571623734658547,0.2713856251600539,0.1141312797239516,0.13881271530220998
27,613,0.6264264190930313,0.27135372390829626,0.11410507790045812,0.13991300667886114
27,614,0.6521519702888505,0.27289025929297567,0.1147205075121019,0.13881964350945988
27,615,0.6607568923978511,0.2765061473790137,0.11699322204003693,0.14219944043738394
27,616,0.6693350374756643,0.28928535782426046,0.122232910967723,0.1459222524856099
27,617,0.660015500587951,0.27826021445089844,0.11804848973319167,0.14258117896843164
27,618,0.6469556895130917,0.2761782697872516,0.11524465246795444,0.1406457350746673
27,619,0.6401045737515515,0.2804526120970237,0.11720860760742653,0.1429128901772834
27,620,0.6197171075286608,0.29841842061272683,0.12478651067092869,0.15070247417340474
27,621,0.6254935165303266,0.2895760154066755,0.12096824381234911,0.14675281590404313
27,622,0.6336838773899527,0.2806893793109418,0.11711694280933443,0.142632272240509
27,623,0.6262141272969471,0.2716539151403487,0.11347230823797873,0.1403452367342187
27,624,0.6133255714631842,0.253796620019649,0.10609487640758744,0.1348490722473268
27,625,0.6240982761480202,0.2744825897512382,0.11472615081554977,0.14061561582950888
27,626,0.6345684148776987,0.2840066976814093,0.11955218975024763,0.1449045076804755
27,627,0.6471496611958278,0.2770855274202137,0.11794691467133817,0.1418489211347749
27,628,0.6529160959572612,0.26480577186971843,0.11279890207340941,0.1361354974068134
27,629,0.6378998579219393,0.27768698808061154,0.12029352055804338,0.14450961904301013
27,630,0.6262989690103398,0.28631570330333367,0.12399675963039045,0.14916103480580603
27,631,0.6441079686314448,0.27746326173066715,0.1199676637299126,0.14481607840868804
27,632,0.6244415013134217,0.2854140244434599,0.12347489147970919,0.1492702137582441
27,633,0.597936072144584,0.2858930720557314,0.12363041184667964,0.15065228829036478
27,634,0.6044264342150857,0.261377547835869,0.11295170482248068,0.14127446806020175
27,635,0.6006529079779613,0.2637083689407962,0.1139994152262807,0.14255329276879242
27,636,0.6035782048601086,0.27389360646118627,0.11829645028803498,0.14628439372353386
27,637,0.6194967203698324,0.28134825541933556,0.1196956177271386,0.14643681491459434
27,638,0.6271921455625596,0.2801150662953943,0.11914343251150057,0.1448968965384106
27,639,0.6109545365476571,0.2634407799256534,0.11215880046564053,0.1401428208242368
27,640,0.600279629429545,0.2653558102810779,0.11289362539075228,0.14118257965009334
27,641,0.6098952458238431,0.2676148945248955,0.11237732568381034,0.14064756187656832
27,642,0.603924618318784,0.2832091626314337,0.11865895112834551,0.1461336043581743
27,643,0.594289198187739,0.27992892192707824,0.11699703747173772,0.14517756004165785
27,644,0.5863827286985874,0.2644307033544755,0.11054635895066894,0.14043107745733133
27,645,0.5678111711129492,0.24664717786977616,0.1032137242576573,0.13630252689375985
27,646,0.5470972275197145,0.2450032981811205,0.10259532606432913,0.13724115914892937
27,647,0.570184024755541,0.27321297914245063,0.1137505778209379,0.1450680282869393
27,648,0.5842737488671503,0.26165810845150134,0.10896617812239129,0.13979536326822264
27,649,0.5946976056442236,0.25379665376771693,0.1084602421164891,0.13849995470329407
27,650,0.6150579479779048,0.24825269694701257,0.10627402722861007,0.13576373442609366
27,651,0.615593257531628,0.25288370465231985,0.10444893027965009,0.13258069349814836
27,652,0.6217087286568139,0.253429111750312,0.10403248769625861,0.1321694668906611
27,653,0.652602096857141,0.28344978746729144,0.11908698852872476,0.142761187926015
27,654,0.6544071306748253,0.29332845849241834,0.12313325184513815,0.14634479115290042
27,655,0.6634249206158022,0.2891552118328994,0.12142209210782312,0.14430736087067647
27,656,0.6462288296165235,0.2757682915543401,0.11587969925138168,0.14011372856949603
27,657,0.6236880568594065,0.2824501672427268,0.11834300370304845,0.14266302687056273
27,658,0.6359626733837582,0.29343034700333176,0.12224485636688769,0.14395145376104165
27,659,0.6278290812658788,0.2815285519609328,0.11701490443199873,0.14080233439173193
27,660,0.6455057841932994,0.2866280280142678,0.12165775477420539,0.14478924604739593
27,661,0.6462456234501909,0.28096064355269845,0.11651316215516999,0.14030499423789844
27,662,0.6407650930973912,0.2655425164925001,0.11015392111148685,0.1364702624656343
27,663,0.6615060961550094,0.2620684546157354,0.1090513618499972,0.13449832463850292
27,664,0.6631197489367402,0.2622445902196312,0.10869943653116934,0.1333018293336665
27,665,0.6398453810635771,0.2939792408476011,0.12283127681119367,0.1480068632214177
27,666,0.6836971370116846,0.2770064381844851,0.11533796571537096,0.1397059197892443
27,667,0.6728835679040179,0.2799556077145509,0.11676170282240492,0.1427746762488254
27,668,0.6835748614700115,0.26001516418862186,0.10838141699903645,0.13385406273623182
27,669,0.6781262906047055,0.24540733514762872,0.10234740211977623,0.1289224154538485
27,670,0.6800155037920731,0.26469003975593536,0.11211046772543341,0.13599859644424897
27,671,0.6504741052487356,0.2691380009911645,0.11395465756591876,0.13900199713220365
27,672,0.6540745667052962,0.28092878239161295,0.11934418330260087,0.1449891667344632
27,673,0.6582788498088287,0.27646283520314746,0.1177671074308455,0.14225534979108798
27,674,0.6613765093997084,0.267952074789595,0.11418419988476672,0.13884661069288853
27,675,0.6608482739093021,0.2567140120903758,0.1093960398726631,0.13500741350058976
27,676,0.662212853322466,0.27446002040160733,0.11707798828108934,0.1422463449667191
27,677,0.674459497263415,0.27895265503669786,0.1189527164559695,0.14310337807248538
27,678,0.6864326113645717,0.27554932771657564,0.11865688603546004,0.14354944680802892
27,679,0.6869190235368771,0.25789335230204585,0.11093069912167267,0.1362365648308337
27,680,0.685150879950069,0.2464170187177542,0.10430066146072932,0.12903877650751025
27,681,0.6758675134242558,0.25130236122997457,0.1065594657388283,0.13118781307465707
27,682,0.6755294518893452,0.2613942912920018,0.11082264507305808,0.13608222163061373
27,683,0.6674294382343784,0.26720263873719563,0.11313438119716011,0.13854513453342274
27,684,0.6626555078676178,0.2650445120471204,0.11220569561759476,0.13778584251196632
27,685,0.6498248991517348,0.26586371292684513,0.11253176253230776,0.1387505383717228
27,686,0.6309230310213488,0.2637509390684336,0.11164029957551974,0.1387800644807274
27,687,0.6220992465574356,0.2587765122868617,0.10959610153513495,0.1375209262265463
27,688,0.6315384047601746,0.24772565920884426,0.10476838859438431,0.13262334380327004
27,689,0.6292857793057437,0.24892117417763626,0.10524757782928645,0.1331021513570135
27,690,0.6203463914732316,0.24528196047990558,0.1009621252049692,0.1295793857985903
27,691,0.6043983659603812,0.2402539059732603,0.1003795644568163,0.12978173636177048
27,692,0.6011414053699015,0.24203366080233268,0.10223383085045498,0.13189381498685893
27,693,0.6224579988540846,0.2490592291384146,0.10524417387496214,0.13239676027314842
27,694,0.6377438194262195,0.24917706241531745,0.10583179183828179,0.1320730549889029
27,695,0.6419600540519372,0.2606103272307254,0.11153015304531437,0.1370722572854562
27,696,0.63039436668227,0.267382840650327,0.11452663881762419,0.14053773928504165
27,697,0.6208876055296276,0.26044595391160275,0.11165906436915975,0.13931945194202894
27,698,0.6155390699493225,0.2679337595562846,0.1148260538285831,0.14243383163928042
27,699,0.6407925094548316,0.27205362823230306,0.11688324784161523,0.14305910428906454
27,700,0.6599181435715977,0.28791891004517495,0.1217427207349101,0.14691448238808177
27,701,0.6367698982982015,0.27231311075902775,0.11229436458379496,0.13833289914205407
27,702,0.6073031431516008,0.2528489045484407,0.10381108249304816,0.1332803563619521
27,703,0.6276994230285179,0.2753812483545781,0.11280593687552028,0.13916823806845055
27,704,0.6314781891171162,0.27125992115026404,0.11102421136805787,0.13749856799546206
27,705,0.6242550538056968,0.26941718238241497,0.11174018304795026,0.13743303574188984
27,706,0.6488463565448704,0.27219771549356203,0.11262190793757326,0.13795356385232765
27,707,0.6405506812088352,0.2552095040448804,0.10706989027850795,0.13328118452031953
27,708,0.6285265434632914,0.25222053696312347,0.10580984730098862,0.13369058798048727
27,709,0.6322357469046869,0.24452973774014558,0.10241143529128749,0.1302763511830486
27,710,0.6418855253143004,0.244947038867183,0.10304560776625295,0.1295804462699335
27,711,0.6388864946789315,0.2396424905880764,0.10105787633976433,0.12840798934302544
27,712,0.629100964785417,0.23424557664258247,0.10170742609770969,0.12945863094176208
27,713,0.6225951192380118,0.24062983363501458,0.10470516079338267,0.13289162564247445
27,714,0.6006521698914279,0.2517748518085775,0.11021717519732192,0.13857768849789967
27,715,0.6269149518530099,0.3172866532848248,0.13900889319134876,0.1624380884554162
27,716,0.6116233829122447,0.3061087853239986,0.13410233561415225,0.15891611041872916
27,717,0.5794659141587233,0.2662037673815094,0.11658173677977174,0.14544415127621868
27,718,0.5868700015607317,0.26101512303881175,0.11426534303696827,0.14438054835449501
27,719,0.5908375926784369,0.27954809915461937,0.12299224295420572,0.1517078311393913
27,720,0.6067273331068876,0.2675225313349739,0.11310607773950324,0.1426410116936781
27,721,0.6277037684278348,0.26105441384572703,0.10681635039967659,0.13535896265892217
27,722,0.6617210692411846,0.248274278596878,0.10155224794863899,0.12837232610362678
27,723,0.6580601709855688,0.25122433616446593,0.1056171904981602,0.13188453442252282
27,724,0.6621532926357542,0.27053511055644114,0.11377701500547119,0.13852770722265598
27,725,0.6724487725344955,0.2928769097549509,0.12329734183498658,0.1458681684350039
27,726,0.6851021916099282,0.28834317228631773,0.12155781935551203,0.14427802915587018
27,727,0.6678251802250977,0.2711862012977476,0.1140446972718928,0.13931186465790985
27,728,0.6641886789343949,0.25980214425025366,0.10946883660217281,0.13552192286097944
27,729,0.656793335459258,0.28577809164450546,0.12305230427213246,0.1478654945331337
27,730,0.6510647841119066,0.2790747999386948,0.1202133283080184,0.14680051399045405
27,731,0.6615807973080531,0.27759619154440063,0.11976845263066935,0.14544663458503995
27,732,0.6599565480731587,0.2697025611592311,0.11633660028252052,0.14227169694416592
27,733,0.6525428306911772,0.2689132660168984,0.1160689532457036,0.14291791275330878
27,734,0.6677450770559006,0.26468271864952636,0.11415755993133643,0.13986611852181388
27,735,0.6663248031222476,0.278726508941502,0.12241390675357251,0.1477727847374658
27,736,0.6637529592751626,0.29491490906567713,0.1302501861053315,0.1551630539718186
27,737,0.6676191486074322,0.2883345700671789,0.1252997743657761,0.15033647980097084
27,738,0.657317911182788,0.26855260539385895,0.11657941602687061,0.14290930363111085
27,739,0.642786116478753,0.25323241859645135,0.10910964402886748,0.1363925271785617
27,740,0.6541993055479284,0.26886000094837303,0.11448127766350807,0.14110067460856568
27,741,0.6500855815671484,0.26778561255729966,0.11383223782620916,0.14077187277926448
27,742,0.6514333648122771,0.278457428389822,0.11832089155563154,0.143923194486205
27,743,0.6489169307957426,0.2656226412961628,0.1095766976084269,0.13640807530990828
27,744,0.6470179150376604,0.25887067476173403,0.10696202175327926,0.13452599864914402
27,745,0.6324308071590367,0.2535963633484796,0.10896891703014262,0.13714698659017172
27,746,0.6418290075487068,0.28278088832539805,0.12165459947893396,0.14790409655589612
27,747,0.6568365534673063,0.2915438668722024,0.12524115610402078,0.15063423333210696
27,748,0.6606410429428762,0.29018588665866196,0.12582671719603242,0.15068815687752365
27,749,0.6696128531501322,0.2810027715070488,0.12173161815386266,0.14613680842023322
27,750,0.6644737019731778,0.26950339670201096,0.11440763304941357,0.1395194806155485
27,751,0.6679684914117943,0.26241646973583227,0.10718916857615113,0.13212520014110526
27,752,0.6666864437285775,0.2632571356408127,0.10768878127506469,0.13297551316391912
27,753,0.665201370093625,0.26665394274410315,0.10914543635677547,0.1347150804910661
27,754,0.6586618240189307,0.26445989759137856,0.10828163076657801,0.13415234357767775
27,755,0.642852359836456,0.2607494112571703,0.10673068471951411,0.13400281332265804
27,756,0.6365862698380045,0.2564364533617668,0.1049380120402202,0.13299076117754696
27,757,0.6517543675219886,0.2568463508765506,0.10529039973625913,0.13221384109690915
27,758,0.6433237716634465,0.25900448739808307,0.10614689856418408,0.1315924848518767
27,759,0.6456836335301719,0.25594164716674944,0.10706224180175923,0.13221086971993812
27,760,0.6415409085438554,0.26416082991561257,0.10885680278617656,0.13489598660371974
27,761,0.6551885710556117,0.2606216564642997,0.10681991951354576,0.1328279364800697
27,762,0.6779815005748617,0.27111095054302753,0.11097802269436215,0.13500334451277365
27,763,0.6880913456976294,0.2666900972247779,0.10918141930935235,0.13339162363554588
27,764,0.688062860821373,0.25063262703047035,0.10282272387052217,0.12841169441667352
27,765,0.6522153959415582,0.26523856007726376,0.11140344044426456,0.1368882773255641
27,766,0.6466726553030163,0.2754505855138019,0.11945685036771465,0.14371436423328252
27,767,0.6371954672164805,0.30093753281102126,0.13359492674062495,0.15643324333841455
27,768,0.6303855339919119,0.31106189612562,0.14026570019777865,0.1637266299511631
27,769,0.6249731789766696,0.29458236284406325,0.13317166156833993,0.15897478689059796
27,770,0.6442154231343795,0.3011088425655276,0.1364138388982974,0.16101988765786157
27,771,0.634647618797553,0.3147659883635064,0.14290712298592553,0.16763602338724012
27,772,0.6159843832942258,0.3028554189188266,0.13677499016746877,0.16233194977706125
27,773,0.6061488064331738,0.280584357498581,0.12449584577349014,0.15051894188872952
27,774,0.6166242386782905,0.27596599152970536,0.11794753657013643,0.14470370388779308
27,775,0.6404368667611573,0.2803025760045706,0.11802212240407244,0.14508036617856265
27,776,0.6637010827682642,0.27665766743318093,0.11496642305370187,0.14000639569087958
27,777,0.6576661377946575,0.2721757141534698,0.11248988329520217,0.13743062696367433
27,778,0.6504223252535521,0.26480792980285006,0.10922996648208937,0.13459088118959248
27,779,0.6668591018805828,0.25616429640126276,0.10543701242160751,0.1296409569851215
27,780,0.6683031623568568,0.25054905009393147,0.10297290454609538,0.12842795702314716
27,781,0.6815645874217252,0.2639886853377681,0.11371372496010736,0.13772407941778728
27,782,0.6893087797730661,0.2721027790867642,0.11748129393090494,0.1407003574712138
27,783,0.6520884619391141,0.3089305390032195,0.1333301789232064,0.15817248412852716
27,784,0.6908072254900592,0.2658203216709317,0.11452132317819633,0.13709023087243805
27,785,0.6725278727665761,0.23618652216049132,0.10179542267112993,0.12786106348512793
27,786,0.6713777918564082,0.23454081614306482,0.09964879433508031,0.12495700399085378
27,787,0.6562027674317344,0.23530626368003627,0.10020911242016155,0.12648801893101824
27,788,0.6186979615276508,0.25678188165951704,0.10905770364232012,0.13582805047882146
27,789,0.6254887698548038,0.26787908064250887,0.11384302721940913,0.13959538569331362
27,790,0.6164978552106666,0.2786625422570477,0.11835652237408795,0.14415479734508366
27,791,0.6037287627967998,0.28743887269467794,0.12207353653968311,0.14815601010547563
27,792,0.6136510873985613,0.2953773301854917,0.12544005278032272,0.15061904998224301
27,793,0.6105950074668606,0.29561400871613797,0.1257443926227279,0.15044443803114485
27,794,0.6074624153565106,0.2902570929647235,0.12315720928716473,0.14811180478037883
27,795,0.6115351025331182,0.27295265320877166,0.1138573359070142,0.14037923554079393
27,796,0.655166899589814,0.28745691984210975,0.12100876176551538,0.14566046503361846
27,797,0.6613609670162329,0.2895238607830303,0.12171569672002079,0.14538462269910088
27,798,0.6624295833976612,0.27905324183778535,0.11742875111576723,0.14128468732165547
27,799,0.6589676570900748,0.276567076977716,0.11622453693529679,0.1406045381156242
27,800,0.6481991306717522,0.2505172518645739,0.10528231449945452,0.13176876766552142
27,801,0.6628720202320776,0.31318171456139204,0.134170810294454,0.15691617465734137
27,802,0.6593853890554531,0.3214293845743898,0.13880721604524296,0.16147835231299407
27,803,0.6485737129635312,0.3268234958362887,0.14411241317837267,0.1672835900038477
27,804,0.6490231203102634,0.3237797169655794,0.1425553427878185,0.16585596427930116
27,805,0.6077824562323217,0.28678344260491373,0.12630549674708164,0.1544564981618694
27,806,0.642631052994776,0.3162714626616607,0.1350359900688636,0.15950659499410832
27,807,0.6444504185978924,0.3029670857837574,0.1278998808977485,0.15190211670902762
27,808,0.6489725420104931,0.29892374857301157,0.1261680908301787,0.15009575923839102
27,809,0.6533198941164944,0.30288361917277995,0.12711221183344606,0.150411804725505
27,810,0.6615314180201808,0.30384565883348663,0.12716127546387723,0.1489391385413822
27,811,0.6651056189919866,0.29751099500441924,0.1243529365269933,0.14691784805823763
27,812,0.6676196942549134,0.2854362659632738,0.11955426990694833,0.1433898305144394
27,813,0.6609456663837916,0.27720990533264467,0.11617248783179093,0.14079859513042728
27,814,0.6657082488470015,0.2790531498931691,0.11699475427682046,0.14094396140922544
27,815,0.673542024763393,0.2767264147634527,0.11964606292720419,0.14562433137001934
27,816,0.659518348524597,0.2646149011776067,0.11238991139834979,0.1397470719202052
27,817,0.6750243818294279,0.24775985762621677,0.1052667981662671,0.13207861658042153
27,818,0.6812304625691626,0.24253516233096872,0.10388402024633252,0.12991867987319666
27,819,0.6808564905860287,0.24992408131001778,0.10823217028577346,0.13348042197753993
27,820,0.6631164938596963,0.296258288848325,0.12826114574738312,0.1521042939269625
27,821,0.6662715658636752,0.25861105741618046,0.11165056642086711,0.13740541995874922
27,822,0.6563844240163592,0.24537293550871744,0.10657168797682971,0.13355698123489984
27,823,0.6372219324111246,0.26782492663297885,0.11515828496718314,0.14225945266508877
27,824,0.6297034356146066,0.28836651713535444,0.12106968782551121,0.14733323795438596
27,825,0.6308951381526318,0.29837275562887616,0.12507470142969396,0.15099671560723743
27,826,0.6332439964994174,0.2922385452905754,0.1224507120292401,0.1483393720410314
27,827,0.634129940096243,0.28477226198146394,0.11755266660358757,0.14379435761581275
27,828,0.6420442512870194,0.2691920183910194,0.1095730403138441,0.1353867797387189
27,829,0.6223345111488888,0.26853786498155013,0.10634178380249068,0.13262205842422345
27,830,0.6105811467061679,0.3186768002725614,0.14065490805194714,0.1623772448137581
27,831,0.6399586185448157,0.3105656251633487,0.137994528246345,0.15954171501971137
27,832,0.6440244860394739,0.32209759588062437,0.14260853394516743,0.1637824078436495
27,833,0.6501852895785755,0.32410473586631283,0.1436718725191895,0.16398193786891957
27,834,0.6581888613619072,0.2980192295151676,0.1313674286159221,0.15330594045559823
27,835,0.6631392305465348,0.3072149717550629,0.13598972751409746,0.15677638603959027
27,836,0.6620040806659154,0.31977569358395175,0.14123613062896767,0.1612300197795763
27,837,0.647998652795855,0.3717608728392213,0.17956432266510092,0.201180730829018
27,838,0.6701486939206185,0.3362706823348592,0.15064952039450874,0.17350984968380384
27,839,0.6601971151968126,0.2869351714595426,0.12216776916349772,0.14693322986123722
27,840,0.6311012656248917,0.31524175362205337,0.14730394626385532,0.16893343549565995
27,841,0.6193033466706535,0.32984991879376024,0.1540695771703031,0.17601267342345767
27,842,0.6131953497477102,0.3620237512245229,0.17005777732818386,0.19133290473009906
27,843,0.6078460256803736,0.3502912473760605,0.16411086044157855,0.1858048643077132
27,844,0.6234718736782635,0.34733622195432995,0.16258365810732356,0.1840499024286011
27,845,0.6036983829064279,0.33587539731089844,0.15691790433134883,0.17873210396979916
27,846,0.6264748430439102,0.3422290736097508,0.15905669430736452,0.18100392249298125
27,847,0.6459442489950871,0.3505022989649497,0.16337277928367258,0.18509565510182538
27,848,0.6751349380898883,0.2772562737155298,0.10930559393629664,0.13559546809831097
27,849,0.6707621381575918,0.30611197921198025,0.12952978486195207,0.15292508991470968
27,850,0.6644682266663241,0.31968171811976087,0.13537976402789353,0.1579805834273169
27,851,0.6514703833571482,0.35305216252728655,0.15972894861595704,0.18018235021464174
27,852,0.6495768006934723,0.3491171511222773,0.15923570503247902,0.1802878809734765
27,853,0.6530872725678855,0.3708087522858139,0.17096789229894058,0.19039780783675714
27,854,0.6474385908312049,0.3572543730902451,0.16590102263959125,0.18619979205598358
27,855,0.6172796471258268,0.33688342363943674,0.1558712105383165,0.17782884739872684
27,856,0.596301633331903,0.3480273317838569,0.16063585933763533,0.18289435203047066
27,857,0.5731416450263535,0.3420162480393435,0.1585582496947609,0.1817551696435339
27,858,0.5796867783471548,0.34601942701838273,0.1634494967176579,0.1875933534112279
27,859,0.594121221017724,0.3103833053107614,0.13700326247373595,0.16394075562408814
27,860,0.607874715823962,0.29581686860678436,0.127889919053996,0.15454442824466846
27,861,0.6207082427600451,0.32682701479398757,0.14144584573572502,0.16566286770946992
27,862,0.6208903744870141,0.3153790905762057,0.13586850252468138,0.15940001736069484
27,863,0.6452605174752286,0.31178294962953546,0.13391553696827033,0.15637488293591284
27,864,0.6446972115588033,0.30180272200465225,0.12686213402805152,0.15120021522432422
27,865,0.6545163818266074,0.2898093024149112,0.11996507374518842,0.14494964985893685
27,866,0.5868184230258028,0.30137044305799854,0.1377706334157847,0.1625329343568377
27,867,0.5915435545475811,0.30307082613819897,0.13941320469835772,0.16311785211768645
27,868,0.5766144684228954,0.2946417197399458,0.13509332224493847,0.15935400581139694
27,869,0.6227340813371691,0.3226206985802238,0.14778986830962823,0.16767653146168235
27,870,0.6028279940454933,0.30314885908753314,0.13931995578343048,0.16080094506740616
27,871,0.6313621974349912,0.3392759534667096,0.15737527512013913,0.1781709771831682
27,872,0.6302404307874353,0.3432575026591821,0.15899190917611122,0.18009782659243145
27,873,0.6546843120138147,0.32170772146779864,0.14121820085158107,0.1621391225361083
27,874,0.6409939684166828,0.3088701357640703,0.1343980867700884,0.15626203727522026
27,875,0.6273795481823142,0.3214960226398078,0.1391516173031414,0.15955736425767034
27,876,0.6269981641475649,0.3362628863878191,0.14550259069364985,0.16575577588740098
27,877,0.6598890664697457,0.29681015333788324,0.11514208442778909,0.1377951075800031
27,878,0.6214971085729543,0.28212794007447867,0.11117359997530002,0.13792271959412403
27,879,0.6640985706439606,0.2788705667192273,0.10983069074514788,0.13388388240588203
27,880,0.6031030880739752,0.2644212993101514,0.11461322226328775,0.14002038402474587
27,881,0.5756935369472866,0.2679363403085601,0.11584113609977066,0.14195944265958443
27,882,0.5802903218452367,0.2808865471567063,0.12246451079729014,0.1460739003898759
27,883,0.5867893081307706,0.28368818604926427,0.12637878013367299,0.15084961867979751
27,884,0.6217743732168135,0.31374687888425434,0.14211979471554514,0.1671174637638308
27,885,0.62775309200206,0.34855965322157145,0.16086173095565756,0.1857077787120194
27,886,0.627826319750398,0.3461865421435793,0.15903311912028584,0.18433401262140833
27,887,0.6274468739267085,0.3258134465204342,0.14802882284682709,0.17226024369634135
27,888,0.644704897985322,0.3587563385056706,0.15985805942909792,0.1824375694162083
27,889,0.6545280822087159,0.3268919328356219,0.12875124954851344,0.14913138887277583
27,890,0.6321276676973112,0.303865244752947,0.11889532184461132,0.1418117925679398
27,891,0.6631501773995041,0.27757840655740645,0.1012143546459265,0.125467267660219
27,892,0.6353891112076349,0.2917642874383947,0.10676051589427515,0.13086161611439218
27,893,0.6182483252777481,0.29659148946313024,0.10824802728602663,0.13397773127371748
27,894,0.6219248781106851,0.2955548920186399,0.10446924579155166,0.1314302881331759
27,895,0.6264268422623323,0.3053228068008819,0.10892086634063163,0.13521804134144108
27,896,0.5891095576485676,0.3206246085112437,0.12586547797429376,0.14869746644501358
27,897,0.5570984232989674,0.34780606415073695,0.15709331042773556,0.18204155212850687
27,898,0.564784200304276,0.28255701742785105,0.12748265412810725,0.15313869654891166
27,899,0.5650725080825202,0.30151208529715945,0.1334381165175,0.158299068817135
27,900,0.5499473487408836,0.3126972982214704,0.14435691475868226,0.16899364497686145
27,901,0.5583541580322058,0.3203321153430246,0.14757546339649708,0.17320108840096962
27,902,0.5135548703495899,0.33238535123041674,0.15424905866617336,0.17862674965748274
27,903,0.5323145751137228,0.3013824293267305,0.13838127279654144,0.16353143310099733
27,904,0.557669863306664,0.3219959919332693,0.14880987664917483,0.1733763206655269
27,905,0.6236125472926228,0.3462434918851133,0.1573895845367224,0.17934414891187078
27,906,0.6164148405091292,0.31918805809012823,0.13919010590907419,0.16241633692960813
27,907,0.5751939019310527,0.33620565076312303,0.14728685377020156,0.17396019177907066
27,908,0.5455363536565289,0.3516695431317727,0.15426541907101637,0.18284435377208394
27,909,0.5166723613771409,0.3371990671292178,0.14836807402636623,0.17755549643260563
27,910,0.4935010668360443,0.3234881172835981,0.1421373709276668,0.1721809891899179
27,911,0.4662828790754948,0.340165818508011,0.1592979561316315,0.18902139596858894
27,912,0.4852858213839436,0.3491842089153673,0.164590742996661,0.1940733381415865
27,913,0.5353698542213273,0.3441878768919462,0.16290794909815304,0.19263067581663512
27,914,0.5389026374543164,0.3553637157595761,0.16997309385682458,0.19818430978586865
27,915,0.5074737582650122,0.3478547408323889,0.16733958965633064,0.19631605493137302
27,916,0.5146729234384053,0.3543674888904269,0.1702095691114664,0.19710737603001782
27,917,0.5327828115889383,0.341947882864382,0.1574858613300603,0.18461667813396362
27,918,0.5656754941974764,0.30859444848982626,0.1414634341641795,0.17028913333155637
27,919,0.6171333240753274,0.24862965568508472,0.09718288048636169,0.12643008894048496
27,920,0.601343657891931,0.25098855454316177,0.09739124356186948,0.12851568189808657
27,921,0.5852224200477223,0.25244884749842056,0.09766971637378447,0.12882086164725365
27,922,0.5928177280487212,0.2833271047616744,0.10601606159238144,0.1353866533465238
27,923,0.5726003140735454,0.27863739273616095,0.10405463072907878,0.13532611278585394
27,924,0.55737437359049,0.27404209313910166,0.10361277846357553,0.13538990719622465
27,925,0.5108422885007562,0.28208330463528125,0.12156722470419482,0.1490860186427409
27,926,0.50755314512895,0.29207892005746705,0.12760781924473122,0.15626974584339837
27,927,0.4869777175785197,0.3435864666717217,0.16364002432790584,0.19291159139607572
27,928,0.5491054728027515,0.3270069750139812,0.1556796826061327,0.18388190167239168
27,929,0.5369251257085903,0.3270670030430495,0.15700020091957412,0.18556886856577212
27,930,0.5415674140327043,0.2975833706906942,0.13307346398360095,0.1629891964681701
27,931,0.5334675007885854,0.30680773680815276,0.1375906067842152,0.16633750991955026
27,932,0.5697486878595457,0.32450829030979367,0.14068240976077503,0.16957194029406525
27,933,0.6396110113449566,0.30177891162450615,0.12263274047523737,0.14914815554081468
27,934,0.6013141567403629,0.28956793969060096,0.1164933160674991,0.14412596705262404
27,935,0.5837653982744422,0.30944489226496635,0.12481300140556413,0.15107540383687781
27,936,0.588759660208167,0.31560599129864697,0.1268919338734122,0.15315291850999527
27,937,0.5811581483002202,0.3274158936560745,0.13069207499735058,0.15701209732999483
27,938,0.5911074437410021,0.30177157300172086,0.11994696791312891,0.14580462231113203
27,939,0.5838957051290073,0.31430246829730346,0.12523730206332404,0.1503056227064008
27,940,0.5424416212327428,0.34188774702654867,0.15196573114488274,0.17770860311630368
27,941,0.5003972422916311,0.39539175170009594,0.1763330694846809,0.19978398914290305
27,942,0.5002090172205332,0.36958559227424315,0.1653987663332373,0.1897834615642609
27,943,0.5143972363694146,0.3322063650790623,0.144717947000172,0.16924267720620187
27,944,0.49860571019745514,0.33172142905646673,0.14530186450341717,0.17032719538333133
27,945,0.5113687819972138,0.37006897680768763,0.16186095378827303,0.18488718176664626
27,946,0.5056630311150354,0.35690850482281167,0.15575257314369081,0.17825328254842038
27,947,0.507404582335682,0.33973607095932484,0.14750129133462905,0.17067736358192323
27,948,0.580576305202279,0.3073088360000776,0.12218446272599977,0.14640337238490586
27,949,0.5943939683918971,0.3231265410656541,0.12870189577748534,0.15115618364743522
27,950,0.5903244760887321,0.3090751328765525,0.12253803691884968,0.1471595287477674
27,951,0.5875840572552449,0.31616951769120977,0.1260659165965626,0.15121526714042222
27,952,0.5816179690463672,0.3104307051523926,0.12277338445710484,0.14953431205340445
27,953,0.5820942687588624,0.2778052715245943,0.10746305865119211,0.13705239605635167
27,954,0.5661641256734132,0.2599538281754519,0.10059691385249607,0.13212248949565167
27,955,0.5783030863972348,0.28106133504689645,0.10912098231143318,0.1371288288302315
27,956,0.56959298822734,0.30665495576628876,0.13191170023637824,0.16106319169690014
27,957,0.5970741938628716,0.30595345021671905,0.13222422112710774,0.15995011203663978
27,958,0.5984247562277805,0.2881780139264609,0.11621004794666077,0.14277749619970434
27,959,0.6076159892059597,0.2957193709560059,0.11787974431586917,0.14320625032394016
27,960,0.5771023848271712,0.33169119277109194,0.13362821106682532,0.15793312461863657
27,961,0.5551201989219353,0.33332405192240944,0.13347773147630504,0.15836327430548283
27,962,0.6026955734163547,0.36695086082135076,0.14666158147505484,0.17085821967644757
27,963,0.5873593172396374,0.3371174810802676,0.13509701731731183,0.15932728781703148
27,964,0.57499484032707,0.3227057431089462,0.12985067475703546,0.15560324581676624
27,965,0.5721678719654856,0.32549071230053217,0.13235948831716088,0.15875369761549415
27,966,0.5328735368777824,0.35027150045961075,0.1447281925813877,0.16910653589757918
27,967,0.5397303599908548,0.35490849135039687,0.14830794661451363,0.17334312049972406
27,968,0.6199845499232894,0.29500002426587757,0.12283273913810262,0.14846029780925193
27,969,0.6181217930832545,0.3163003707042963,0.13161708433093736,0.1534847964250726
27,970,0.6030823933970091,0.33428218255510744,0.13899165636306862,0.16003699651940773
27,971,0.6082088308991721,0.3185156323041437,0.13538257083651842,0.16012878000305056
27,972,0.544325204324156,0.34223108340481123,0.15427412637742235,0.17525179716084968
27,973,0.6166790902841518,0.3115845921587619,0.11559245053756967,0.14198146754786792
27,974,0.6284615596922352,0.3148985426318336,0.11691027863960698,0.1421705843780691
27,975,0.6528660313205781,0.29187118970745607,0.10623341266837087,0.1322765764691783
27,976,0.6193753057287416,0.2992377053421558,0.11127401562436717,0.13909515128831973
27,977,0.6200590759422833,0.3251586628124469,0.12959431345923803,0.1532388999045607
27,978,0.562122195861671,0.3584419541045226,0.15377788516459986,0.17607385409933174
27,979,0.5428250693646028,0.4218533761168002,0.18177048107376323,0.20339036871260852
27,980,0.5134220053543763,0.4501171481255745,0.21871088833315297,0.24492842847471527
27,981,0.4195162255909031,0.4091366864346484,0.18518437665887177,0.2099373318754716
27,982,0.4707058511997461,0.41659937877754166,0.18800209023524075,0.21173052869200085
27,983,0.41898123969226375,0.4315202646416531,0.19688849589787424,0.22131772232526659
27,984,0.43730693800557124,0.41778846966963396,0.18905142672825603,0.21342457282476546
27,985,0.48147817781567376,0.42535146445333166,0.19297647807514295,0.2165195829037829
27,986,0.5721354302385565,0.3611295528935877,0.1540415053970355,0.17817038165268206
27,987,0.5472710484881036,0.3522098087777169,0.14925107684146496,0.17405953074657687
27,988,0.5629209470075339,0.33530065833394773,0.14240986131946556,0.16807095024372387
27,989,0.585218188254063,0.336427707754193,0.14920989341218957,0.17702379131612997
27,990,0.594833297701465,0.35850760064959725,0.15921314376057125,0.18633074906308686
27,991,0.6272833471424819,0.33708612297305635,0.14919155721203425,0.17594873615202544
27,992,0.627773777093514,0.3075494450369877,0.13651811316260137,0.1632591751141987
27,993,0.6039185489688124,0.3026001664642401,0.13397873134003022,0.16123958677617162
27,994,0.5881015879387563,0.3078761563444746,0.13322679427627007,0.16173562209436826
27,995,0.5592181983929161,0.3340306354917902,0.14726592936902308,0.1752211056978243
27,996,0.604577673107522,0.26981920571244083,0.11818628970882855,0.14618966436190095
27,997,0.5790096825772211,0.24863183194359031,0.09833958815550431,0.12504313699147632
27,998,0.5496840673886593,0.24187282793534567,0.09581034505041316,0.12428000663342144
27,999,0.5132062217077606,0.25124680137223165,0.10039521808270364,0.12962431592077742
27,1000,0.45151444579119693,0.3190639808217678,0.13113608843937982,0.1572687874436311
27,1001,0.639963834474153,0.33368226095620757,0.1531031258724397,0.17545806642256373
27,1002,0.6690795655116368,0.29259218150325966,0.1260141250328161,0.14997445481484475
27,1003,0.6633057967356037,0.2938279839482486,0.12708435158943757,0.1509815437729125
27,1004,0.6505140910088947,0.303712508930879,0.13146534396801143,0.15524210921119316
27,1005,0.6617577381855931,0.26099174036680517,0.09973860214930028,0.12540273773267607
27,1006,0.6500980586005025,0.2895692155947092,0.10979813078418374,0.13559259376949942
27,1007,0.6726086032061838,0.2766121281477319,0.0980601160263177,0.12507778800810543
27,1008,0.6804302586954131,0.25276679606011315,0.08942748954039416,0.11942081946139585
27,1009,0.6692072209275055,0.26924600113145636,0.09509770797193597,0.12391681711541416
27,1010,0.6674622636593924,0.2856882385614506,0.10282365748891607,0.12861246564857307
27,1011,0.6536426023228008,0.2920855802682426,0.10571094665618147,0.13244236975468776
27,1012,0.667448655418818,0.2981891310926452,0.10711016427434515,0.13170356957540846
27,1013,0.6290215656479294,0.33838260263181874,0.14321988796116783,0.16575563528149745
27,1014,0.6322909940280321,0.3278499081516979,0.1396078829257749,0.16293252615968976
27,1015,0.6215099746254142,0.314524720283059,0.13217607380414848,0.15707433322240985
27,1016,0.6491764164147507,0.327256471213996,0.13736573267437052,0.16104347439305697
27,1017,0.5981651728151655,0.3333551483647141,0.1395482942444505,0.16489805393994486
27,1018,0.626520694803507,0.3148801635830112,0.13324100247584283,0.1581256417125699
27,1019,0.6141383263854375,0.2998062475643625,0.12801380532910117,0.1524756250791888
27,1020,0.5793875481303287,0.2845995923647296,0.11863268570392392,0.14467728649623615
27,1021,0.5557386121608447,0.27141207878758133,0.11307388308341615,0.14062353497972555
27,1022,0.557413617093998,0.2885649358711711,0.1263835138163995,0.15256650219973494
27,1023,0.5811586855892655,0.31451818239324403,0.137088301446056,0.16201295000956914
27,1024,0.600930262753047,0.2996675317666133,0.13114002653746865,0.15548946516997494
27,1025,0.6141339351433007,0.299527820891597,0.13113526686909607,0.15495382571929414
27,1026,0.6161497170204738,0.3011356623674941,0.1311284918047022,0.15589923825590904
27,1027,0.6468487016764138,0.29447793872684896,0.1289407574001234,0.15251954848775762
27,1028,0.6641961737691421,0.3449784653434127,0.15093842604313978,0.17321276367868213
27,1029,0.6554931344185686,0.3733718699695919,0.17461261187447236,0.19821261399747261
27,1030,0.672622873875984,0.33499396526918046,0.1358043713951338,0.16143026380147227
27,1031,0.651084236258256,0.360801113310099,0.15819498691140324,0.18274658263230617
27,1032,0.6424393676907941,0.3624587113896655,0.15799786051749834,0.1830192336685955
27,1033,0.6255504697750207,0.3640314455267992,0.15837491402227896,0.18473216854905805
27,1034,0.5781031467643831,0.33967613823281395,0.14776289739937057,0.17850650948800384
27,1035,0.5605568363238526,0.3356866107600901,0.14610619970655533,0.1767897396499323
27,1036,0.5752456913758677,0.3177923254928755,0.13832998905389104,0.16873477660336741
27,1037,0.5334737334328498,0.2878026359598132,0.11514958377621952,0.14564661059823433
27,1038,0.5229160625395509,0.29532508680042396,0.11848845554908621,0.1473831579587332
27,1039,0.5377044316326818,0.2936629350700943,0.11347016604500823,0.14256299926139
27,1040,0.5481772658289346,0.29720036562762747,0.11122302142568515,0.1407462102255072
27,1041,0.5494222623460506,0.29397873077049097,0.10945693146917619,0.13924245782879774
27,1042,0.5943308150737382,0.27622612934865975,0.10344926940757432,0.1324414114128372
27,1043,0.6208386704394149,0.2722355661552106,0.10177346894910443,0.12940551504675138
27,1044,0.6208600601572801,0.29485488809013144,0.11540718525997364,0.13849518798820648
27,1045,0.6074531819644036,0.2872824162269812,0.11213326106080786,0.13674034320896566
27,1046,0.6159092827056,0.29927974182342015,0.11671328617958351,0.14105292926086932
27,1047,0.6032103464758807,0.2927756437143804,0.11351353718317114,0.13925721140054478
27,1048,0.6086523468853895,0.28631097609402595,0.11294115407159552,0.14056753743313735
27,1049,0.6313532629061572,0.273152038254518,0.10706901195924728,0.13371391513814834
27,1050,0.5873583208964719,0.291068259193404,0.11342142654582858,0.1425796571868553
27,1051,0.5508687007444288,0.27138312878934756,0.10210226991446689,0.13436287648754458
27,1052,0.5745523116008993,0.266881093473776,0.1003220533800777,0.13027288061920503
27,1053,0.6269771128668701,0.25157710244827863,0.09333738109184196,0.1223375772162106
27,1054,0.5778392118568926,0.24982973273700224,0.09425653292797506,0.12471821796238915
27,1055,0.5086936655080105,0.26933846551897594,0.1142733164463425,0.14613929537844705
27,1056,0.552303675750027,0.2831565996249077,0.11997977682505734,0.1509380591449461
27,1057,0.5624082872088175,0.2858602806373369,0.12135115152690559,0.15253872363590937
27,1058,0.5784845440354572,0.27619804722772406,0.11720141757628881,0.14714554237588057
27,1059,0.6126105906035103,0.2750168895355439,0.117521815875225,0.14202297139057177
27,1060,0.5654527681456435,0.29322828308781407,0.12624478105004527,0.1542974317077771
27,1061,0.5848064640175611,0.3099526066503509,0.13270111390855163,0.15990523526715283
27,1062,0.5941521125804121,0.2952885924257016,0.12659808905329556,0.15351657329784002
27,1063,0.5196984764402051,0.3247065118053686,0.13826177142687812,0.16559540965055058
27,1064,0.514555609402407,0.32398551696516686,0.1387046659215048,0.16315462730540098
27,1065,0.542501861662166,0.31427070961262826,0.13354144114768132,0.1582399183382061
27,1066,0.5135817908443204,0.3088346179630025,0.13088484129635616,0.1563237929943593
27,1067,0.5347049323598586,0.29902666444518544,0.12667932799085974,0.15198572551438247
27,1068,0.560256387964174,0.3024474217274723,0.1300195117830299,0.15413055177962762
27,1069,0.5651510827401913,0.29995564209687614,0.12815014669904484,0.15122404374486142
27,1070,0.5633277024367417,0.3198277601767503,0.1372838034131564,0.1601278567559502
27,1071,0.5910478398094178,0.2905622291152067,0.11746258456259966,0.14102564411133536
27,1072,0.6071260530595977,0.27022666428512027,0.10898681899998337,0.13462634214358882
27,1073,0.6010350296414791,0.26990593672792135,0.10889404207002372,0.1348044622612303
27,1074,0.6481045621978074,0.2611076509712126,0.10567424708977341,0.13056913477286042
27,1075,0.6523429509566671,0.3026003910137094,0.12364114146039355,0.14675417231874172
27,1076,0.6704475436859795,0.28951228176412214,0.11775528428843245,0.13914817267539553
27,1077,0.6799315403717786,0.2749345346011765,0.11258736753021367,0.1349705447575266
27,1078,0.6737977841965571,0.27286060387657557,0.11145825935644098,0.13349579860465097
27,1079,0.6423405248518086,0.26273319014365615,0.10995679224026389,0.1318190075890307
27,1080,0.5999654534636738,0.2819609583686542,0.11781006788485683,0.1403483535448784
27,1081,0.6568858742763576,0.29693559534435393,0.12451285407529213,0.14494192080218485
27,1082,0.6618550152919036,0.2834844779023853,0.11845477639813907,0.1388340187542822
27,1083,0.6405812959956796,0.2428553732908661,0.09218227013800061,0.12068824350797025
27,1084,0.6297228503603656,0.22862931552878427,0.08733590131247183,0.11831551407065112
27,1085,0.641714540538942,0.24248435154069878,0.09403057777613867,0.12182297530037
27,1086,0.6365622506964637,0.25103797757687507,0.10178595857694744,0.1267964471976505
27,1087,0.6410558148431179,0.25983114375765476,0.10536605268251151,0.13004350332783887
27,1088,0.6304634308076855,0.24634985399539144,0.10054340358357877,0.1255995826876179
27,1089,0.5912430694528813,0.24215215035555898,0.09826389335561543,0.1263786259416153
27,1090,0.6008319158628443,0.24377799494967017,0.09911897031357512,0.12612129208760225
27,1091,0.6102647385561487,0.26665599331244866,0.11175415959674866,0.13727890331655468
27,1092,0.6275581361928979,0.27806226855258326,0.11417407107830513,0.13824835487190518
27,1093,0.6210586157956411,0.28131527202304896,0.11249631762038917,0.13711316643791147
27,1094,0.5949114843490148,0.27500204075067003,0.10968672850052825,0.13648482932808634
27,1095,0.5809098747798875,0.2598882353207888,0.10156210020068102,0.12942237516310742
27,1096,0.5727634935594783,0.2536004506510462,0.0967929851799272,0.1287050950449824
27,1097,0.556450018024227,0.2698769859338288,0.11292683250154369,0.14086914191931887
27,1098,0.5983777897476192,0.2690571014967364,0.1126024894870352,0.13724881506256567
27,1099,0.5997579350860764,0.2618965121912207,0.11007680875598452,0.1336692991419994
27,1100,0.567816936538507,0.26163646391540074,0.10904473685892299,0.13268720723391297
27,1101,0.5978297598407687,0.2565027405260354,0.10791277032112703,0.1314404138951801
27,1102,0.5986667682611473,0.2509228872981546,0.10526267193024978,0.12823708721524338
27,1103,0.5682664478794026,0.2890652068961771,0.12506995434872806,0.150312751206859
27,1104,0.5538078423170728,0.29590988978696053,0.12873929827735991,0.1538210561204416
27,1105,0.5834150641893839,0.29592233951133373,0.12924730735714549,0.1531219664834812
27,1106,0.5922300652740387,0.2954038942046797,0.12882089048041961,0.15260000225502746
27,1107,0.5539426740970447,0.30606144682764175,0.13360145374783314,0.15837909853488014
27,1108,0.5960653492771338,0.27284556193346127,0.11089437632472254,0.13686837632223642
27,1109,0.5816844625678397,0.26732976891181476,0.10784691040986218,0.13434853290823406
27,1110,0.5970070518315498,0.31938873560947123,0.12953245632932522,0.1542847308142545
27,1111,0.6444905340939862,0.2882995244067155,0.11122117481427267,0.13619921180784872
27,1112,0.6438172714577955,0.2964726093108881,0.11421688230213477,0.13788814993812454
27,1113,0.6412805050560582,0.29849500493292574,0.11567662894696695,0.14061276912507145
27,1114,0.6520527861690398,0.26676517412163275,0.10187299185898155,0.12805017115872275
27,1115,0.651189878555325,0.2845711065374459,0.1121767515107058,0.13608581701566239
27,1116,0.6441304221615383,0.28660591364502486,0.11343452637200244,0.13917124304238052
27,1117,0.6601901655911001,0.3169315873403506,0.12971962439129128,0.15272936854961003
27,1118,0.658383104171302,0.3005963982362183,0.12315757105126977,0.14610985017970418
27,1119,0.6364615820929872,0.2914890331339189,0.11909563472028822,0.14387442510594808
27,1120,0.6089665274366258,0.267520889676318,0.10723868254572153,0.13729768197671705
27,1121,0.6281401907695207,0.2563952766343816,0.09450924819684588,0.12488247968983153
27,1122,0.6457165387327635,0.2605911912087242,0.09252856653474736,0.1218282321735839
27,1123,0.6321270347853084,0.26384070093308803,0.09198662933122251,0.1232642340347893
27,1124,0.6540307381078768,0.2660479188945359,0.10298104125075042,0.1282594998585909
27,1125,0.6383833796588056,0.2335591366945517,0.09091865995898843,0.11975938780062001
27,1126,0.624971623751745,0.23943367136357707,0.09306225850246846,0.12095897743470911
27,1127,0.6890046316961908,0.2665441551360864,0.10406799607444554,0.1282761087489184
27,1128,0.7089602214975319,0.26347380214280974,0.10271972465794534,0.12532479465061877
27,1129,0.6987928548520861,0.278376376187352,0.12067782728001475,0.14393716145996105
27,1130,0.6827820683474779,0.2700364010188377,0.11683347092010081,0.1419795201297435
27,1131,0.6583146231312766,0.24933065232188112,0.10818838062521535,0.13497502203581943
27,1132,0.6771826018716882,0.24731531898083622,0.10272709630662576,0.12980560573751498
27,1133,0.6701273899296746,0.28772250298796864,0.11937165637733414,0.14471673209337965
27,1134,0.6877896672339395,0.2977306723044871,0.123469720503781,0.14722995575903053
27,1135,0.6483759328306806,0.2936026323945201,0.1215539258212084,0.14549937538691068
27,1136,0.6421506505422966,0.27602679995468976,0.11477716380555648,0.13956350396000922
27,1137,0.6565063238156097,0.2750105909113308,0.11493599817913491,0.13831472572416878
27,1138,0.6366774179213985,0.2921941778867258,0.12190269497281406,0.14519983460491592
27,1139,0.6462277158487901,0.3134636211053,0.13048475923831573,0.1537205882965864
27,1140,0.648873250729773,0.2803207700996352,0.1192752314027166,0.14246632932254247
27,1141,0.6292620230769356,0.30167517534337657,0.13093774277193007,0.15371508994291133
27,1142,0.6081902013557637,0.2864987720868375,0.12136339918419253,0.143850702867968
27,1143,0.6603562812384886,0.2759155732227682,0.10740287132270168,0.12910322615888803
28,1144,0.37307412451809124,0.9567998932624908,0.2081297750165686,0.23793299289848965
28,1145,0.38109317498233874,0.7348658941071288,0.15456920619675657,0.2001550365811393
28,1146,0.3489641225465968,0.7230904790284586,0.1530752959899837,0.19961232757061664
28,1147,0.2469393803655554,0.6847047563893195,0.1509494025632739,0.19299091480031474
28,1148,0.3251635153696797,1.842407127558182,0.24469874169662945,0.2692747808392467
28,1149,0.3732369029380583,0.9301559578803281,0.18144614782766438,0.2121064297053271
28,1150,0.3176299315422815,1.1656338797051913,0.22544877850363265,0.24809195507853385
28,1151,0.3597554350043914,1.1581263944237985,0.22234025861747797,0.24909134723468998
28,1152,0.33265506483075835,1.0939677401068515,0.2072157493737177,0.23488942302119106
28,1153,0.28350216233045394,1.116993087821135,0.21401593128597596,0.24189425816390966
28,1154,0.30190622474821943,1.0482832831809121,0.2040017253291444,0.23309103287785493
28,1155,0.28837881845529945,0.9829344649875861,0.19940696084653609,0.23097824914390433
28,1156,0.3533783209256794,1.278453653940182,0.21540129458502633,0.24047691546129793
28,1157,0.34682766116723907,0.9360094768278209,0.19484947095770622,0.22713350374280872
28,1158,0.36647386329391335,0.8703238232891766,0.18107741563493618,0.21783083556140667
28,1159,0.3012132414502274,1.0495957811749324,0.18552707839757204,0.2190302263510501
28,1160,0.3016466537844973,1.0909245787141482,0.19302414051897357,0.22503517427437406
